-- MySQL dump 10.13  Distrib 8.0.42, for Linux (x86_64)
--
-- Host: localhost    Database: keuangandb
-- ------------------------------------------------------
-- Server version	8.0.42-0ubuntu0.22.04.1

/*!40101 SET @OLD_CHARACTER_SET_CLIENT=@@CHARACTER_SET_CLIENT */;
/*!40101 SET @OLD_CHARACTER_SET_RESULTS=@@CHARACTER_SET_RESULTS */;
/*!40101 SET @OLD_COLLATION_CONNECTION=@@COLLATION_CONNECTION */;
/*!50503 SET NAMES utf8mb4 */;
/*!40103 SET @OLD_TIME_ZONE=@@TIME_ZONE */;
/*!40103 SET TIME_ZONE='+00:00' */;
/*!40014 SET @OLD_UNIQUE_CHECKS=@@UNIQUE_CHECKS, UNIQUE_CHECKS=0 */;
/*!40014 SET @OLD_FOREIGN_KEY_CHECKS=@@FOREIGN_KEY_CHECKS, FOREIGN_KEY_CHECKS=0 */;
/*!40101 SET @OLD_SQL_MODE=@@SQL_MODE, SQL_MODE='NO_AUTO_VALUE_ON_ZERO' */;
/*!40111 SET @OLD_SQL_NOTES=@@SQL_NOTES, SQL_NOTES=0 */;

--
-- Table structure for table `akun`
--

DROP TABLE IF EXISTS `akun`;
/*!40101 SET @saved_cs_client     = @@character_set_client */;
/*!50503 SET character_set_client = utf8mb4 */;
CREATE TABLE `akun` (
  `id_akun` int NOT NULL AUTO_INCREMENT,
  `creation_date` date DEFAULT NULL,
  `nama` varchar(255) DEFAULT NULL,
  `status` int DEFAULT NULL,
  `status_info` varchar(255) DEFAULT NULL,
  `tipe_akun` int DEFAULT NULL,
  `tipe_nama` varchar(255) DEFAULT NULL,
  PRIMARY KEY (`id_akun`)
) ENGINE=InnoDB AUTO_INCREMENT=5 DEFAULT CHARSET=utf8mb4 COLLATE=utf8mb4_0900_ai_ci;
/*!40101 SET character_set_client = @saved_cs_client */;

--
-- Dumping data for table `akun`
--

LOCK TABLES `akun` WRITE;
/*!40000 ALTER TABLE `akun` DISABLE KEYS */;
INSERT INTO `akun` VALUES (1,'2023-09-27','Kas Keluar',1,'Aktif',1,'pengeluaran'),(2,'2023-09-27','Kas Masuk',1,'Aktif',2,'pemasukan'),(3,'2023-09-27','Hutang',1,'Aktif',3,'hutang'),(4,'2023-09-27','Piutang',1,'Aktif',4,'piutang');
/*!40000 ALTER TABLE `akun` ENABLE KEYS */;
UNLOCK TABLES;

--
-- Table structure for table `budget`
--

DROP TABLE IF EXISTS `budget`;
/*!40101 SET @saved_cs_client     = @@character_set_client */;
/*!50503 SET character_set_client = utf8mb4 */;
CREATE TABLE `budget` (
  `id_budget` int NOT NULL AUTO_INCREMENT,
  `biaya` double DEFAULT NULL,
  `capaian` double DEFAULT NULL,
  `creation_date` datetime(6) DEFAULT NULL,
  `id_akun` int DEFAULT NULL,
  `nama` varchar(255) DEFAULT NULL,
  `selisih` double DEFAULT NULL,
  `status` int DEFAULT NULL,
  `status_info` varchar(255) DEFAULT NULL,
  PRIMARY KEY (`id_budget`)
) ENGINE=InnoDB AUTO_INCREMENT=13 DEFAULT CHARSET=utf8mb4 COLLATE=utf8mb4_0900_ai_ci;
/*!40101 SET character_set_client = @saved_cs_client */;

--
-- Dumping data for table `budget`
--

LOCK TABLES `budget` WRITE;
/*!40000 ALTER TABLE `budget` DISABLE KEYS */;
INSERT INTO `budget` VALUES (4,20000000,6430000,'2024-01-03 02:29:49.429000',1,'Nikah Dek Didit',13570000,1,'Aktif'),(5,7500000,0,'2024-01-03 02:30:24.876000',1,'Nikah Ozi',7500000,1,'Aktif'),(6,4000000,0,'2024-03-11 04:38:23.652000',1,'Jalan ke Dialoog Hotel',4000000,1,'Aktif'),(7,6500000,0,'2024-07-01 07:43:50.200000',1,'Furnish Spring Bed',6500000,1,'Aktif'),(8,4000000,0,'2024-07-01 07:44:24.638000',1,'Furnish Lemari Es',4000000,1,'Aktif'),(9,5000000,0,'2024-07-01 07:45:14.307000',1,'Furnish AC 1 Pk',5000000,1,'Aktif'),(10,1500000,0,'2024-07-01 07:46:47.852000',1,'Furnish Kompor Elpiji',1500000,1,'Aktif'),(11,1000000,0,'2024-07-01 07:47:20.308000',1,'Furnish Teflon Piring',1000000,1,'Aktif'),(12,4500000,0,'2024-07-01 07:47:44.706000',1,'Furnish Lemari Baju',4500000,1,'Aktif');
/*!40000 ALTER TABLE `budget` ENABLE KEYS */;
UNLOCK TABLES;

--
-- Table structure for table `saldo`
--

DROP TABLE IF EXISTS `saldo`;
/*!40101 SET @saved_cs_client     = @@character_set_client */;
/*!50503 SET character_set_client = utf8mb4 */;
CREATE TABLE `saldo` (
  `id_saldo` int NOT NULL AUTO_INCREMENT,
  `bulan` int DEFAULT NULL,
  `keluar` double DEFAULT NULL,
  `masuk` double DEFAULT NULL,
  `status` int DEFAULT NULL,
  `status_info` varchar(255) DEFAULT NULL,
  `tahun` int DEFAULT NULL,
  `total` double DEFAULT NULL,
  `selisih` double DEFAULT NULL,
  `hutang` double DEFAULT NULL,
  `piutang` double DEFAULT NULL,
  PRIMARY KEY (`id_saldo`)
) ENGINE=InnoDB AUTO_INCREMENT=37 DEFAULT CHARSET=utf8mb4 COLLATE=utf8mb4_0900_ai_ci;
/*!40101 SET character_set_client = @saved_cs_client */;

--
-- Dumping data for table `saldo`
--

LOCK TABLES `saldo` WRITE;
/*!40000 ALTER TABLE `saldo` DISABLE KEYS */;
INSERT INTO `saldo` VALUES (1,1,0,0,0,'tetap',2023,0,0,0,0),(2,2,0,0,0,'tetap',2023,0,0,0,0),(3,3,0,0,0,'tetap',2023,0,0,0,0),(4,4,0,0,0,'tetap',2023,0,0,0,0),(5,5,0,0,0,'tetap',2023,0,0,0,0),(6,6,0,0,0,'tetap',2023,0,0,0,0),(7,7,0,0,0,'tetap',2023,0,0,0,0),(8,8,0,0,0,'tetap',2023,0,0,0,0),(9,9,0,0,0,'tetap',2023,0,0,0,0),(10,10,0,0,0,'tetap',2023,0,0,0,0),(11,11,10995000,35000000,1,'surplus',2023,23005000,23005000,1000000,0),(12,12,22856920,32389000,1,'surplus',2023,32787080,9782080,500000,750000),(13,1,15101882,13365802,-1,'minus',2024,31051000,-1736080,0,0),(14,2,27328832,24208203,-1,'minus',2024,27930371,-3120629,0,0),(15,3,22309825,54509304,1,'surplus',2024,60129850,32199479,0,0),(16,4,40402475,42589903,1,'surplus',2024,62317278,2187428,0,0),(17,5,18158619,19589903,1,'surplus',2024,63748562,1431284,0,0),(18,6,24355714,47287152,1,'surplus',2024,86680000,22931438,0,0),(19,7,48589070,43914582,-1,'minus',2024,82005512,-4674488,0,0),(20,8,63243875,40424982,-1,'minus',2024,59186619,-22818893,0,0),(21,9,22039831,24579982,1,'surplus',2024,61726770,2540151,0,0),(22,10,68383252,24319982,-1,'minus',2024,17663500,-44063270,0,0),(23,11,37609623,26091618,-1,'minus',2024,6145495,-11518005,0,0),(24,12,43732704,47533667,1,'surplus',2024,9946458,3800963,0,0),(25,3,75136287,71624982,-1,'minus',2025,6435153,-3511305,0,0),(26,1,29429352,27424982,-1,'minus',2025,4430783,-2004370,0,0),(27,4,22230958,21661382,-1,'minus',2025,3861207,-569576,0,0),(28,2,25255814,34796982,1,'surplus',2025,13402375,9541168,0,0),(29,8,0,0,0,'tetap',2025,13402375,0,0,0),(30,5,24936589,25724982,1,'surplus',2025,14190768,788393,0,0),(31,6,17581950,39424982,1,'surplus',2025,36033800,21843032,0,0),(32,7,0,0,0,'tetap',2025,36033800,0,0,0),(33,9,0,0,0,'tetap',2025,36033800,0,0,0),(34,10,0,0,0,'tetap',2025,36033800,0,0,0),(35,11,0,0,0,'tetap',2025,36033800,0,0,0),(36,12,0,0,0,'tetap',2025,36033800,0,0,0);
/*!40000 ALTER TABLE `saldo` ENABLE KEYS */;
UNLOCK TABLES;

--
-- Table structure for table `transaksi`
--

DROP TABLE IF EXISTS `transaksi`;
/*!40101 SET @saved_cs_client     = @@character_set_client */;
/*!50503 SET character_set_client = utf8mb4 */;
CREATE TABLE `transaksi` (
  `id_transaksi` int NOT NULL AUTO_INCREMENT,
  `cash_in` decimal(38,2) DEFAULT NULL,
  `cash_out` decimal(38,2) DEFAULT NULL,
  `creation_date` datetime(6) DEFAULT NULL,
  `id_akun` int DEFAULT NULL,
  `id_budget` int DEFAULT NULL,
  `nama` varchar(255) DEFAULT NULL,
  `status` int DEFAULT NULL,
  `status_info` varchar(255) DEFAULT NULL,
  PRIMARY KEY (`id_transaksi`)
) ENGINE=InnoDB AUTO_INCREMENT=903 DEFAULT CHARSET=utf8mb4 COLLATE=utf8mb4_0900_ai_ci;
/*!40101 SET character_set_client = @saved_cs_client */;

--
-- Dumping data for table `transaksi`
--

LOCK TABLES `transaksi` WRITE;
/*!40000 ALTER TABLE `transaksi` DISABLE KEYS */;
INSERT INTO `transaksi` VALUES (17,35000000.00,0.00,'2023-11-05 00:00:00.000000',2,NULL,'Saldo Awal',1,'Aktif'),(18,0.00,372500.00,'2023-11-07 00:00:00.000000',1,NULL,'Tiket Kereta Balik Ke Jombang',1,'Aktif'),(19,0.00,500000.00,'2023-11-09 00:00:00.000000',1,NULL,'Buat beli bindex dan oleh2 ',1,'Aktif'),(20,0.00,490000.00,'2023-11-11 00:00:00.000000',1,NULL,'Tiket kereta jakarta',1,'Aktif'),(21,0.00,1000000.00,'2023-11-12 00:00:00.000000',1,NULL,'Uang Saku Balik Jakarta',1,'Aktif'),(22,0.00,370000.00,'2023-11-14 00:00:00.000000',1,NULL,'Tiket kereta akhir tahun',1,'Aktif'),(23,0.00,1127500.00,'2023-11-14 00:00:00.000000',1,NULL,'Hotel batu',1,'Aktif'),(24,0.00,170000.00,'2023-11-15 00:00:00.000000',1,NULL,'Shopee Pay Tropicana',1,'Aktif'),(31,0.00,515000.00,'2023-11-17 00:00:00.000000',1,NULL,'Tiket balik jkt jan 2024',1,'Aktif'),(32,0.00,250000.00,'2023-11-25 00:00:00.000000',1,NULL,'Beli Skincare Skintific',1,'Aktif'),(33,0.00,5000000.00,'2023-11-26 00:00:00.000000',1,NULL,'Uang sawah 2023 #1',1,'Aktif'),(34,0.00,1000000.00,'2023-11-26 00:00:00.000000',1,NULL,'Ngurus KK, KTP Baru',1,'Aktif'),(35,0.00,1000000.00,'2023-11-30 00:00:00.000000',3,NULL,'Hutang tutut',1,'Aktif'),(36,0.00,200000.00,'2023-11-17 00:00:00.000000',1,NULL,'Beli collagen dan vaselin',1,'Aktif'),(37,2481000.00,0.00,'2023-12-01 00:00:00.000000',2,NULL,'Gaji Des 2023 #1',1,'Aktif'),(38,10881000.00,0.00,'2023-12-01 00:00:00.000000',2,NULL,'Gaji Des 2023 #2',1,'Aktif'),(39,0.00,1000000.00,'2023-12-01 00:00:00.000000',1,NULL,'Uang saku ibuk',1,'Aktif'),(40,0.00,400000.00,'2023-12-01 00:00:00.000000',1,NULL,'Uang saku Ozi',1,'Aktif'),(41,0.00,500000.00,'2023-12-01 00:00:00.000000',1,NULL,'Bayar Belajar',1,'Aktif'),(42,0.00,3900000.00,'2023-12-01 00:00:00.000000',1,NULL,'Uang jajan des 2023',1,'Aktif'),(43,0.00,200000.00,'2023-12-02 00:00:00.000000',1,NULL,'Bayar nasi kotak (selapan)',1,'Aktif'),(44,500000.00,0.00,'2023-12-06 00:00:00.000000',4,NULL,'Piutang Tutut',1,'Aktif'),(45,0.00,1620000.00,'2023-12-09 00:00:00.000000',1,NULL,'Bayar STNK 2 Tahun',1,'Aktif'),(46,0.00,263000.00,'2023-12-09 00:00:00.000000',1,NULL,'Bayar STNK Scoopy',1,'Aktif'),(47,0.00,350000.00,'2023-12-10 00:00:00.000000',1,NULL,'Bayar makeup nia & perawatan',1,'Aktif'),(48,0.00,250000.00,'2023-12-10 00:00:00.000000',1,NULL,'Garnier serum vit. c dan  hyaluron',1,'Aktif'),(49,0.00,127500.00,'2023-12-11 00:00:00.000000',1,NULL,'Daftar loker Jatim Ozi',1,'Aktif'),(50,0.00,200000.00,'2023-12-15 00:00:00.000000',1,NULL,'Sangu ozi ke jember',1,'Aktif'),(51,0.00,450000.00,'2023-12-17 00:00:00.000000',1,NULL,'Service motor desember',1,'Aktif'),(52,0.00,3393000.00,'2023-12-22 00:00:00.000000',1,NULL,'Beli HP Samsung A24',1,'Aktif'),(53,0.00,600000.00,'2023-12-22 00:00:00.000000',1,NULL,'Nikahan Nia',1,'Aktif'),(54,0.00,300000.00,'2023-12-23 00:00:00.000000',1,NULL,'Uang saku Malang',1,'Aktif'),(55,0.00,37500.00,'2023-12-24 00:00:00.000000',1,NULL,'Jajan chatime',1,'Aktif'),(56,0.00,387675.00,'2023-12-24 00:00:00.000000',1,NULL,'Sepatu donatello',1,'Aktif'),(57,0.00,166000.00,'2023-12-24 00:00:00.000000',1,NULL,'Oleh oleh malang',1,'Aktif'),(58,0.00,500000.00,'2023-12-26 00:00:00.000000',3,NULL,'Tutut Pinjam',1,'Aktif'),(59,0.00,300000.00,'2023-12-27 00:00:00.000000',1,NULL,'Uang saku + ganti uang Ibuk ',1,'Aktif'),(60,16327000.00,0.00,'2023-12-27 00:00:00.000000',2,NULL,'IPK',1,'Aktif'),(61,0.00,246325.00,'2023-12-27 00:00:00.000000',1,NULL,'Uang jajan akhir bulan',1,'Aktif'),(62,2700000.00,0.00,'2023-12-27 00:00:00.000000',2,NULL,'Uang buwuh geng',1,'Aktif'),(63,0.00,600000.00,'2023-12-27 00:00:00.000000',1,NULL,'Uang Nikahan Geng',1,'Aktif'),(64,0.00,103000.00,'2023-12-27 00:00:00.000000',1,NULL,'Uang pegangan',1,'Aktif'),(65,0.00,5000000.00,'2023-12-30 00:00:00.000000',1,NULL,'Bayar uang sawah',1,'Aktif'),(66,0.00,500000.00,'2023-12-30 00:00:00.000000',1,NULL,'Kasih uang Ibuk Mancar',1,'Aktif'),(67,0.00,500000.00,'2023-12-30 00:00:00.000000',1,NULL,'Selametan naik jabatan',1,'Aktif'),(68,0.00,797920.00,'2023-12-31 00:00:00.000000',1,NULL,'Beli baju dan celana',1,'Aktif'),(69,0.00,65000.00,'2023-12-31 00:00:00.000000',1,NULL,'Jajan j.co',1,'Aktif'),(71,0.00,100000.00,'2023-12-31 00:00:00.000000',1,NULL,'Perpisahan kantor',1,'Aktif'),(72,0.00,500000.00,'2023-12-31 00:00:00.000000',1,NULL,'Jajan tahun baru',1,'Aktif'),(73,250000.00,0.00,'2023-12-31 00:00:00.000000',4,NULL,'Bayar hutang tutut',1,'Aktif'),(74,10884802.00,0.00,'2024-01-01 00:00:00.000000',2,NULL,'Gaji #1',1,'Aktif'),(76,2481000.00,0.00,'2024-01-01 07:00:00.000000',2,NULL,'Gaji #2',1,'Aktif'),(77,0.00,2852882.00,'2024-01-01 00:00:00.000000',1,NULL,'Pegangan di Jakarta',1,'Aktif'),(78,0.00,1000000.00,'2024-01-01 00:00:00.000000',1,4,'Nikahan Ozi',1,'Aktif'),(80,0.00,1000000.00,'2024-01-01 00:00:00.000000',1,NULL,'Transfer ibuk bulanan',1,'Aktif'),(81,0.00,400000.00,'2024-01-01 00:00:00.000000',1,NULL,'Bayar BPJS ozi',1,'Aktif'),(82,0.00,1900000.00,'2024-01-01 00:00:00.000000',1,NULL,'Bayar kos',1,'Aktif'),(83,0.00,815000.00,'2024-01-01 00:00:00.000000',1,NULL,'Tiket PP Februari 2024',1,'Aktif'),(85,0.00,1000000.00,'2024-01-02 07:00:00.000000',1,4,'Nikahan Dek Didit',1,'Aktif'),(88,0.00,290000.00,'2024-01-07 00:00:00.000000',1,NULL,'Skin care',1,'Aktif'),(95,0.00,500000.00,'2024-01-13 00:00:00.000000',1,NULL,'Obat batuk',1,'Aktif'),(96,0.00,1000000.00,'2024-01-15 00:00:00.000000',1,NULL,'Uang pegangan tengah bulan',1,'Aktif'),(98,0.00,360000.00,'2024-01-23 00:00:00.000000',1,NULL,'Tiket kereta maret',1,'Aktif'),(99,0.00,595000.00,'2024-01-22 00:00:00.000000',1,NULL,'Obat syaraf',1,'Aktif'),(100,0.00,600000.00,'2024-01-24 00:00:00.000000',1,NULL,'Makan Makan Prakom',1,'Aktif'),(101,0.00,415000.00,'2024-01-27 00:00:00.000000',1,NULL,'Tiket Balik Jakarta Maret',1,'Aktif'),(102,0.00,300000.00,'2024-01-27 00:00:00.000000',1,NULL,'Buat jenguk suami yuk la',1,'Aktif'),(103,0.00,284000.00,'2024-01-27 00:00:00.000000',1,NULL,'Obat syaraf',1,'Aktif'),(104,0.00,190000.00,'2024-01-27 00:00:00.000000',1,NULL,'Beli parfum',1,'Aktif'),(105,0.00,700000.00,'2024-01-28 00:00:00.000000',1,NULL,'Kado buat Dita dan Olga lahiran',1,'Aktif'),(106,0.00,500000.00,'2024-01-30 00:00:00.000000',1,NULL,'Beli Baju Uniqlo',1,'Aktif'),(108,0.00,400000.00,'2024-01-31 00:00:00.000000',1,NULL,'Pegangan ST',1,'Aktif'),(109,2481000.00,0.00,'2024-02-01 00:00:00.000000',2,NULL,'Gaji 1',1,'Aktif'),(110,16327203.00,0.00,'2024-02-01 00:00:00.000000',2,NULL,'Gaji 2',1,'Aktif'),(111,0.00,3659203.00,'2024-02-01 00:00:00.000000',1,NULL,'Pegangan di Jakarta',1,'Aktif'),(112,0.00,1000000.00,'2024-02-01 00:00:00.000000',1,NULL,'Uang saku ibuk',1,'Aktif'),(113,0.00,1900000.00,'2024-02-01 00:00:00.000000',1,NULL,'Bayar kos',1,'Aktif'),(114,0.00,450000.00,'2024-02-01 00:00:00.000000',1,NULL,'Pegangan di Medan',1,'Aktif'),(115,0.00,1000000.00,'2024-02-04 00:00:00.000000',1,4,'Tabungan Dek Didit',1,'Aktif'),(116,0.00,1000000.00,'2024-02-04 00:00:00.000000',1,4,'Tabungan Ozi',1,'Aktif'),(117,0.00,800000.00,'2024-02-04 00:00:00.000000',1,NULL,'Tiket hotel ST Medan',1,'Aktif'),(118,0.00,600000.00,'2024-02-04 00:00:00.000000',1,NULL,'Bayar belajar',1,'Aktif'),(119,0.00,300000.00,'2024-02-04 00:00:00.000000',1,NULL,'Buwuh ke temen',1,'Aktif'),(120,0.00,350000.00,'2024-02-04 00:00:00.000000',1,NULL,'Tiket kereta ke semarang',1,'Aktif'),(121,0.00,500000.00,'2024-02-04 00:00:00.000000',1,NULL,'Tambahan transport ke semarang',1,'Aktif'),(122,2000000.00,0.00,'2024-02-04 00:00:00.000000',2,NULL,'Uang arisan buat tambahan beli emas',1,'Aktif'),(123,0.00,552500.00,'2024-02-04 00:00:00.000000',1,NULL,'Keratin rambut dan uang saku ',1,'Aktif'),(124,0.00,775000.00,'2024-02-04 00:00:00.000000',1,NULL,'Tiket PP tgl 23 Februari',1,'Aktif'),(125,0.00,3002500.00,'2024-02-05 00:00:00.000000',1,NULL,'Lamaran Didit ',1,'Aktif'),(126,0.00,2250000.00,'2024-02-05 00:00:00.000000',1,NULL,'Biaya ST Semarang ',1,'Aktif'),(127,0.00,600000.00,'2024-02-08 00:00:00.000000',1,NULL,'Healing ke TP',1,'Aktif'),(128,0.00,400000.00,'2024-02-08 00:00:00.000000',1,NULL,'Uang saku ozi',1,'Aktif'),(129,0.00,700000.00,'2024-02-08 00:00:00.000000',1,NULL,'Baju uniqlo Almira Azka',1,'Aktif'),(130,0.00,250000.00,'2024-02-08 00:00:00.000000',1,NULL,'Baju uniqlo Ridlwan',1,'Aktif'),(131,0.00,750000.00,'2024-02-08 00:00:00.000000',1,NULL,'Baju uniqlo eriza',1,'Aktif'),(132,0.00,0.00,'2024-02-08 00:00:00.000000',1,NULL,'Marugame udon surabaya',1,'Aktif'),(133,0.00,360000.00,'2024-02-08 00:00:00.000000',1,NULL,'Beli sunscreen dan moisturizer',1,'Aktif'),(134,0.00,810000.00,'2024-02-10 00:00:00.000000',1,NULL,'Beli kacamata',1,'Aktif'),(135,0.00,500000.00,'2024-02-10 00:00:00.000000',1,NULL,'Ambil uang jajan di Jombang',1,'Aktif'),(136,0.00,500000.00,'2024-02-11 00:00:00.000000',1,NULL,'Pegangan di Jakarta',1,'Aktif'),(137,0.00,500000.00,'2024-02-18 00:00:00.000000',1,NULL,'Uang saku di Mancar',1,'Aktif'),(138,0.00,500000.00,'2024-02-18 00:00:00.000000',1,NULL,'Uang saku di Jakarta',1,'Aktif'),(139,0.00,1416229.00,'2024-02-19 00:00:00.000000',1,NULL,'Tiket Pesawat Idul Fitri',1,'Aktif'),(140,0.00,90400.00,'2024-02-20 00:00:00.000000',1,NULL,'Grab Food ',1,'Aktif'),(141,0.00,368000.00,'2024-02-24 00:00:00.000000',1,NULL,'Tambahan buat Hp ibuk',1,'Aktif'),(143,3400000.00,0.00,'2024-02-26 00:00:00.000000',2,NULL,'Uang ST Semarang',1,'Aktif'),(144,0.00,1445000.00,'2024-02-27 00:00:00.000000',1,NULL,'SPP S1 Mas Ridlwan ',1,'Aktif'),(145,0.00,770000.00,'2024-03-01 00:00:00.000000',1,NULL,'Tiket kereta lebaran 2024',1,'Aktif'),(146,3262700.00,0.00,'2024-03-01 00:00:00.000000',2,NULL,'Gaji #1',1,'Aktif'),(147,16327203.00,0.00,'2024-03-01 00:00:00.000000',2,NULL,'Gaji #2',1,'Aktif'),(148,0.00,2046374.00,'2024-03-01 00:00:00.000000',1,NULL,'Pegangan di Jakarta',1,'Aktif'),(149,0.00,1000000.00,'2024-03-01 00:00:00.000000',1,NULL,'Bayar ibuk',1,'Aktif'),(150,0.00,400000.00,'2024-03-01 00:00:00.000000',1,NULL,'Bayar uang saku ozi',1,'Aktif'),(151,0.00,1900000.00,'2024-03-01 00:00:00.000000',1,NULL,'Bayar kos',1,'Aktif'),(152,4442401.00,0.00,'2024-03-01 00:00:00.000000',2,NULL,'Rapelan prakom',1,'Aktif'),(153,0.00,200000.00,'2024-03-01 00:00:00.000000',1,NULL,'Bayar uang kas',1,'Aktif'),(154,0.00,127000.00,'2024-03-01 00:00:00.000000',1,NULL,'Bayar uang paguyuban',1,'Aktif'),(155,0.00,400000.00,'2024-03-01 00:00:00.000000',1,NULL,'Bayar Belajar',1,'Aktif'),(156,0.00,376900.00,'2024-03-02 00:00:00.000000',1,NULL,'Beli skincare',1,'Aktif'),(157,0.00,300000.00,'2024-03-02 00:00:00.000000',1,NULL,'Pencairan hutang maghfur',1,'Aktif'),(158,0.00,350000.00,'2024-03-02 00:00:00.000000',1,NULL,'Beli skincare eriza',1,'Aktif'),(159,0.00,120000.00,'2024-03-04 00:00:00.000000',1,NULL,'Kado ozi (Alat pancing)',1,'Aktif'),(160,0.00,50000.00,'2024-03-04 00:00:00.000000',1,NULL,'Saldo OVO Eriza ',1,'Aktif'),(161,0.00,500000.00,'2024-03-08 00:00:00.000000',1,NULL,'Uang jajan eriza',1,'Aktif'),(162,0.00,2000000.00,'2024-03-09 00:00:00.000000',1,4,'Nabung nikah dek didit',1,'Aktif'),(163,0.00,100000.00,'2024-03-09 00:00:00.000000',1,NULL,'Pegangan di Mancar',1,'Aktif'),(164,0.00,400000.00,'2024-03-10 00:00:00.000000',1,NULL,'Uang pegangan di Mancar',1,'Aktif'),(165,0.00,1000000.00,'2024-03-11 00:00:00.000000',1,NULL,'Pegangan di Jakarta',1,'Aktif'),(166,0.00,256500.00,'2024-03-12 00:00:00.000000',1,NULL,'Belanja di Gajah Mada',1,'Aktif'),(167,0.00,50000.00,'2024-03-15 00:00:00.000000',1,NULL,'Ovo tahu telor',1,'Aktif'),(168,0.00,150000.00,'2024-03-16 00:00:00.000000',1,NULL,'Pulsa Paket Data',1,'Aktif'),(169,0.00,500000.00,'2024-03-16 00:00:00.000000',1,NULL,'Pegangan di Jakarta',1,'Aktif'),(170,0.00,50000.00,'2024-03-16 00:00:00.000000',1,NULL,'Grabfood ',1,'Aktif'),(171,0.00,2510231.00,'2024-03-18 00:00:00.000000',1,NULL,'Hotel dialoog',1,'Aktif'),(172,0.00,352500.00,'2024-03-20 00:00:00.000000',1,NULL,'Uang saku Eriza',1,'Aktif'),(173,0.00,200000.00,'2024-03-25 00:00:00.000000',1,NULL,'Kado bayinya Mba desy',1,'Aktif'),(174,14150000.00,0.00,'2024-03-28 00:00:00.000000',2,NULL,'Insentif',1,'Aktif'),(175,16327000.00,0.00,'2024-03-28 00:00:00.000000',2,NULL,'THR Tukin',1,'Aktif'),(176,0.00,330170.00,'2024-03-28 00:00:00.000000',1,NULL,'Pegangan di Jakarta',1,'Aktif'),(177,0.00,5000000.00,'2024-03-29 00:00:00.000000',1,NULL,'THR keponakan',1,'Aktif'),(178,0.00,400000.00,'2024-03-29 00:00:00.000000',1,NULL,'Baju Uniqlo Ijo Army',1,'Aktif'),(179,0.00,417650.00,'2024-03-29 00:00:00.000000',1,NULL,'Bukber dan hampers nia',1,'Aktif'),(180,0.00,52500.00,'2024-03-30 00:00:00.000000',1,NULL,'Grabfood ayang',1,'Aktif'),(181,3262700.00,0.00,'2024-04-01 00:00:00.000000',2,NULL,'Gaji #1',1,'Aktif'),(182,16327203.00,0.00,'2024-04-01 00:00:00.000000',2,NULL,'Gaji #2',1,'Aktif'),(183,0.00,2919753.00,'2024-04-01 00:00:00.000000',1,NULL,'Pegangan di Jakarta',1,'Aktif'),(184,0.00,1900000.00,'2024-04-01 00:00:00.000000',1,NULL,'Bayar kos',1,'Aktif'),(185,0.00,1000000.00,'2024-04-01 00:00:00.000000',1,NULL,'Bayar uang saku ibuk',1,'Aktif'),(186,0.00,400000.00,'2024-04-01 00:00:00.000000',1,NULL,'Bayar uang saku ozi',1,'Aktif'),(187,3500000.00,0.00,'2024-04-01 00:00:00.000000',2,NULL,'THR gapok',1,'Aktif'),(188,0.00,300000.00,'2024-04-01 00:00:00.000000',1,NULL,'Bayar belajar',1,'Aktif'),(189,0.00,100000.00,'2024-04-01 00:00:00.000000',1,NULL,'Iuran rutin',1,'Aktif'),(190,0.00,100000.00,'2024-04-01 00:00:00.000000',1,NULL,'Iuran save the children',1,'Aktif'),(191,0.00,140000.00,'2024-04-02 00:00:00.000000',1,NULL,'Skintific Eriza',1,'Aktif'),(192,0.00,150000.00,'2024-04-03 00:00:00.000000',1,NULL,'Cussion somethinc eriza',1,'Aktif'),(193,0.00,502500.00,'2024-04-03 00:00:00.000000',1,NULL,'Bayar obat dan listrik',1,'Aktif'),(194,19500000.00,0.00,'2024-04-05 00:00:00.000000',2,NULL,'Uang sawah',1,'Aktif'),(195,0.00,3150000.00,'2024-04-05 00:00:00.000000',1,NULL,'Bayar sawah esti',1,'Aktif'),(196,0.00,3150000.00,'2024-04-05 00:00:00.000000',1,NULL,'Bayar sawah ozi',1,'Aktif'),(197,0.00,500000.00,'2024-04-05 00:00:00.000000',1,NULL,'THR Qinsi Arsaf',1,'Aktif'),(198,0.00,800000.00,'2024-04-07 00:00:00.000000',1,NULL,'Baju Uniqlo Eriza',1,'Aktif'),(199,0.00,500000.00,'2024-04-07 00:00:00.000000',1,NULL,'Baju uniqlo Ridlwan',1,'Aktif'),(200,0.00,388000.00,'2024-04-07 00:00:00.000000',1,NULL,'Oleh oleh Bu Rudy',1,'Aktif'),(201,0.00,209000.00,'2024-04-07 00:00:00.000000',1,NULL,'Baju kemeja lebaran',1,'Aktif'),(202,0.00,360000.00,'2024-04-07 00:00:00.000000',1,NULL,'Tiket kereta api Mei Jakarta Jombang',1,'Aktif'),(203,0.00,529972.00,'2024-04-07 00:00:00.000000',1,NULL,'Makan di Holycow',1,'Aktif'),(204,0.00,14000000.00,'2024-04-07 00:00:00.000000',1,4,'Pelunasan tabungan dek didit',1,'Aktif'),(205,0.00,770000.00,'2024-04-08 00:00:00.000000',1,NULL,'Tiket kereta jombang banyuwangi',1,'Aktif'),(206,0.00,456000.00,'2024-04-08 00:00:00.000000',1,NULL,'Baju lebaran atasan bawahan',1,'Aktif'),(207,0.00,841000.00,'2024-04-08 00:00:00.000000',1,NULL,'Baju lebaran eriza',1,'Aktif'),(208,0.00,740000.00,'2024-04-10 00:00:00.000000',1,NULL,'Tiket kereta banyuwangi jombang',1,'Aktif'),(209,0.00,440000.00,'2024-04-11 00:00:00.000000',1,NULL,'Tiket Jombang Jakarta',1,'Aktif'),(210,0.00,500000.00,'2024-04-12 00:00:00.000000',1,NULL,'Uang pegangan lebaran',1,'Aktif'),(211,0.00,400000.00,'2024-04-13 00:00:00.000000',1,NULL,'Uang pegangan lebaran II',1,'Aktif'),(212,0.00,500000.00,'2024-04-14 00:00:00.000000',1,NULL,'Uang pegangan lebaran III',1,'Aktif'),(213,0.00,2014750.00,'2024-04-14 00:00:00.000000',1,NULL,'Bedak lipstik koper',1,'Aktif'),(214,0.00,74800.00,'2024-04-14 00:00:00.000000',1,NULL,'Stella dan kispray',1,'Aktif'),(215,0.00,71700.00,'2024-04-14 00:00:00.000000',1,NULL,'Miniso rak kecil',1,'Aktif'),(216,0.00,795000.00,'2024-04-19 00:00:00.000000',1,NULL,'Tiket kereta 27 April PP',1,'Aktif'),(217,0.00,250000.00,'2024-04-19 00:00:00.000000',1,NULL,'Biaya Obat sakit Tipes',1,'Aktif'),(218,0.00,500000.00,'2024-04-19 00:00:00.000000',1,NULL,'Kebutuhan di RS',1,'Aktif'),(219,0.00,250000.00,'2024-04-24 00:00:00.000000',1,NULL,'Grab dan paketan pulsa Eriza',1,'Aktif'),(220,0.00,700000.00,'2024-04-27 00:00:00.000000',1,NULL,'Sewa Mobil Nikahan',1,'Aktif'),(222,3262700.00,0.00,'2024-05-01 00:00:00.000000',2,NULL,'Gaji 1',1,'Aktif'),(223,16327203.00,0.00,'2024-05-01 00:00:00.000000',2,NULL,'Gaji 2',1,'Aktif'),(224,0.00,2907181.00,'2024-05-01 00:00:00.000000',1,NULL,'Pegangan di jakarta',1,'Aktif'),(225,0.00,1900000.00,'2024-05-01 00:00:00.000000',1,NULL,'Bayar kos',1,'Aktif'),(226,0.00,1000000.00,'2024-05-01 00:00:00.000000',1,NULL,'Bayar uang saku ibuk',1,'Aktif'),(227,0.00,400000.00,'2024-05-01 00:00:00.000000',1,NULL,'Bayar uang saku ozi',1,'Aktif'),(228,0.00,252500.00,'2024-05-01 00:00:00.000000',1,NULL,'Buwuh + ngafe ',1,'Aktif'),(229,0.00,350000.00,'2024-05-01 00:00:00.000000',1,NULL,'Listrik dan mascara',1,'Aktif'),(230,0.00,300000.00,'2024-05-02 00:00:00.000000',1,NULL,'Bayar uang kas 3 bulan',1,'Aktif'),(231,0.00,400000.00,'2024-05-02 00:00:00.000000',1,NULL,'Bayar uang belajar',1,'Aktif'),(232,0.00,1250000.00,'2024-05-04 00:00:00.000000',1,NULL,'Tiket Kereta Idul Adha',1,'Aktif'),(233,0.00,452500.00,'2024-05-04 00:00:00.000000',1,NULL,'Didit lamaran, jenguk mba Santi ',1,'Aktif'),(234,0.00,406500.00,'2024-05-06 00:00:00.000000',1,NULL,'Buwuh solo dan brownis dokter ',1,'Aktif'),(235,0.00,720000.00,'2024-05-12 00:00:00.000000',1,NULL,'Makeup ',1,'Aktif'),(236,0.00,600000.00,'2024-05-12 00:00:00.000000',1,NULL,'Baju Sasa dan mas Ridwan ',1,'Aktif'),(237,0.00,192000.00,'2024-05-12 00:00:00.000000',1,NULL,'Jajan di sby (TP)',1,'Aktif'),(238,0.00,252500.00,'2024-05-14 00:00:00.000000',1,NULL,'VIT C dan Parfum',1,'Aktif'),(239,0.00,500000.00,'2024-05-15 00:00:00.000000',1,NULL,'Beli tiket kereta ST Bandung',1,'Aktif'),(240,0.00,365000.00,'2024-05-16 00:00:00.000000',1,NULL,'Beli tong sis dan vitamin C ',1,'Aktif'),(241,0.00,1125000.00,'2024-05-19 00:00:00.000000',1,NULL,'Tiket dan Hotel ST Bandung',1,'Aktif'),(242,0.00,410000.00,'2024-05-21 00:00:00.000000',1,NULL,'Tiket kereta Bandung',1,'Aktif'),(243,0.00,1000000.00,'2024-05-23 00:00:00.000000',1,NULL,'Pegangan ke dialoog hotel',1,'Aktif'),(244,0.00,500000.00,'2024-05-24 00:00:00.000000',1,NULL,'Tambahan pegangan di mancar',1,'Aktif'),(245,0.00,159500.00,'2024-05-24 00:00:00.000000',1,NULL,'Makan osing deles',1,'Aktif'),(246,0.00,478000.00,'2024-05-24 00:00:00.000000',1,NULL,'Makan di hotel',1,'Aktif'),(247,0.00,152500.00,'2024-05-24 00:00:00.000000',1,NULL,'Makan bapak di RS',1,'Aktif'),(248,0.00,104000.00,'2024-05-24 00:00:00.000000',1,NULL,'Oleh oleh pak dhe osing',1,'Aktif'),(249,0.00,362000.00,'2024-05-25 00:00:00.000000',1,NULL,'Uang saku di jakarta',1,'Aktif'),(250,0.00,750000.00,'2024-05-28 00:00:00.000000',1,NULL,'Biaya transportasi ST ',1,'Aktif'),(251,0.00,150000.00,'2024-05-28 00:00:00.000000',1,NULL,'Pulsa paketan Eriza ',1,'Aktif'),(252,0.00,352500.00,'2024-05-28 00:00:00.000000',1,NULL,'Tambahan uang saku eriza',1,'Aktif'),(253,0.00,366938.00,'2024-05-25 00:00:00.000000',1,NULL,'Tambahan pegangan di rumah mancar',1,'Aktif'),(254,3262700.00,0.00,'2024-06-01 00:00:00.000000',2,NULL,'uang masuk #1',1,'Aktif'),(255,16327203.00,0.00,'2024-06-01 00:00:00.000000',2,NULL,'uang masuk #2',1,'Aktif'),(256,0.00,4038465.00,'2024-06-01 00:00:00.000000',1,NULL,'Pegangan di Jakarta',1,'Aktif'),(257,0.00,1000000.00,'2024-06-01 00:00:00.000000',1,NULL,'Bayar uang saku ibuk',1,'Aktif'),(258,0.00,1900000.00,'2024-06-01 00:00:00.000000',1,NULL,'Bayar kos',1,'Aktif'),(259,0.00,400000.00,'2024-06-01 00:00:00.000000',1,NULL,'Bayar uang saku ozi',1,'Aktif'),(260,0.00,700000.00,'2024-06-03 00:00:00.000000',1,NULL,'Pegangan dii rumah sakit',1,'Aktif'),(261,0.00,800000.00,'2024-06-03 00:00:00.000000',1,NULL,'Buat acara tahlilan ',1,'Aktif'),(262,0.00,2000000.00,'2024-06-04 00:00:00.000000',1,NULL,'Tiket Pesawat PP Pulang',1,'Aktif'),(263,0.00,500000.00,'2024-06-04 00:00:00.000000',1,NULL,'Emas antam',1,'Aktif'),(264,4500000.00,0.00,'2024-06-04 00:00:00.000000',2,NULL,'Uang masuk #3',1,'Aktif'),(265,1000000.00,0.00,'2024-06-06 00:00:00.000000',2,NULL,'Uang duka Pak A',1,'Aktif'),(267,0.00,1000000.00,'2024-06-06 00:00:00.000000',1,NULL,'Bayar selametan',1,'Aktif'),(268,0.00,350000.00,'2024-06-11 00:00:00.000000',1,NULL,'Bayar listrik',1,'Aktif'),(269,0.00,150000.00,'2024-06-11 00:00:00.000000',1,NULL,'Grabfood mas ',1,'Aktif'),(270,3633000.00,0.00,'2024-06-12 00:00:00.000000',2,NULL,'Gaji 13 #1',1,'Aktif'),(271,16327203.00,0.00,'2024-06-12 00:00:00.000000',2,NULL,'Gaji 13 #2',1,'Aktif'),(272,2233100.00,0.00,'2024-06-12 00:00:00.000000',2,NULL,'Uang masuk ST bandung',1,'Aktif'),(273,0.00,190303.00,'2024-06-12 00:00:00.000000',1,NULL,'Tambahan mas Ridwan ',1,'Aktif'),(274,0.00,402500.00,'2024-06-12 00:00:00.000000',1,NULL,'Beli skincare dan daleman',1,'Aktif'),(275,0.00,1288506.00,'2024-06-13 00:00:00.000000',1,NULL,'Tiket pesawat idul adha',1,'Aktif'),(276,0.00,300000.00,'2024-06-15 00:00:00.000000',1,NULL,'Uang jajan  di mancar',1,'Aktif'),(277,0.00,415000.00,'2024-06-17 00:00:00.000000',1,NULL,'Bayar pbb tanah dan uang jajan',1,'Aktif'),(278,0.00,73000.00,'2024-06-17 00:00:00.000000',1,NULL,'Lipstik Eriza ',1,'Aktif'),(279,0.00,177000.00,'2024-06-17 00:00:00.000000',1,NULL,'Cd dan celana pendek mas Ridlwan ',1,'Aktif'),(280,0.00,500000.00,'2024-06-19 00:00:00.000000',1,NULL,'Pegangan di Jakarta',1,'Aktif'),(281,0.00,302500.00,'2024-06-20 00:00:00.000000',1,NULL,'Buwuh 3 orang',1,'Aktif'),(282,0.00,50000.00,'2024-06-21 07:00:00.000000',1,NULL,'Grabfood mas ',1,'Aktif'),(283,0.00,500000.00,'2024-06-22 07:00:00.000000',1,NULL,'Ganti Ban Motor dan Service ',1,'Aktif'),(284,0.00,200000.00,'2024-06-22 07:00:00.000000',1,NULL,'Uang jajan Eriza ',1,'Aktif'),(285,0.00,151500.00,'2024-06-24 07:00:00.000000',1,NULL,'Pulsa Eriza',1,'Aktif'),(286,0.00,570000.00,'2024-06-24 07:00:00.000000',1,NULL,'Tiket balik jakarta',1,'Aktif'),(287,0.00,140000.00,'2024-06-24 07:00:00.000000',1,NULL,'Handbody eriza',1,'Aktif'),(288,0.00,70000.00,'2024-06-24 07:00:00.000000',1,NULL,'Sandal mas Ridlwan ',1,'Aktif'),(289,0.00,500000.00,'2024-06-25 07:00:00.000000',1,NULL,'Jaket eriza',1,'Aktif'),(290,0.00,1800000.00,'2024-06-27 07:00:00.000000',1,NULL,'Bayar hotel ST semarang',1,'Aktif'),(291,0.00,290000.00,'2024-06-27 07:00:00.000000',1,NULL,'Beli tiket kereta Smg - sby ',1,'Aktif'),(292,0.00,137000.00,'2024-06-29 07:00:00.000000',1,NULL,'Beli softlens',1,'Aktif'),(293,0.00,652940.00,'2024-06-29 07:00:00.000000',1,NULL,'Beli Jaket dan Kemeja Ridlwan',1,'Aktif'),(294,0.00,207000.00,'2024-06-29 07:00:00.000000',1,NULL,'Beli kaos santai 3 biji',1,'Aktif'),(295,0.00,600000.00,'2024-06-29 07:00:00.000000',1,NULL,'Pegangan di Mancar',1,'Aktif'),(296,3946.00,0.00,'2024-06-29 07:00:00.000000',2,NULL,'Pembulattan',1,'Aktif'),(297,0.00,2000000.00,'2024-06-29 07:00:00.000000',1,NULL,'Acara 40 harinya bapak',1,'Aktif'),(298,3262700.00,0.00,'2024-07-01 07:00:00.000000',2,NULL,'Gaji #1',1,'Aktif'),(299,16162282.00,0.00,'2024-07-01 07:00:00.000000',2,NULL,'Gaji #2',1,'Aktif'),(300,0.00,2904982.00,'2024-07-01 07:00:00.000000',1,NULL,'Pegangan di Jakarta',1,'Aktif'),(301,0.00,1900000.00,'2024-07-01 07:00:00.000000',1,NULL,'Bayar kos',1,'Aktif'),(302,0.00,300000.00,'2024-07-01 07:00:00.000000',1,NULL,'Bayar iuran temen nikah',1,'Aktif'),(303,0.00,650000.00,'2024-07-01 07:00:00.000000',1,NULL,'Treatment clarice',1,'Aktif'),(304,0.00,350000.00,'2024-07-01 07:00:00.000000',1,NULL,'Uang saku sebelum gajian',1,'Aktif'),(305,1576500.00,0.00,'2024-07-03 07:00:00.000000',2,NULL,'Uang ST Bandung',1,'Aktif'),(306,0.00,502500.00,'2024-07-05 07:00:00.000000',1,NULL,'Buat beli lipstik, parfum dan uang saku',1,'Aktif'),(307,0.00,760000.00,'2024-07-07 07:00:00.000000',1,NULL,'Tiket PP bulan agustus',1,'Aktif'),(308,0.00,350000.00,'2024-07-14 07:00:00.000000',1,NULL,'Beli power bank',1,'Aktif'),(309,0.00,802500.00,'2024-07-14 07:00:00.000000',1,NULL,'Pengeluaran solo',1,'Aktif'),(310,0.00,150000.00,'2024-07-15 07:00:00.000000',1,NULL,'Grabfood',1,'Aktif'),(311,0.00,500000.00,'2024-07-15 07:00:00.000000',1,NULL,'Sepatu mas Ridlwan ',1,'Aktif'),(312,2329000.00,0.00,'2024-07-16 07:00:00.000000',2,NULL,'Uang lembur',1,'Aktif'),(313,2014100.00,0.00,'2024-07-17 07:00:00.000000',2,NULL,'Uang ST Semarang',1,'Aktif'),(314,0.00,750000.00,'2024-07-17 07:00:00.000000',1,NULL,'Bayar kiriman ibuk',1,'Aktif'),(315,0.00,470000.00,'2024-07-19 07:00:00.000000',1,NULL,'Tiket kereta jbg-jkt',1,'Aktif'),(316,0.00,400000.00,'2024-07-19 07:00:00.000000',1,NULL,'Helm Eriza ',1,'Aktif'),(317,0.00,400000.00,'2024-07-19 07:00:00.000000',1,NULL,'Uang jajan Eriza ',1,'Aktif'),(318,13570000.00,0.00,'2024-07-20 07:00:00.000000',2,4,'Migrasi Kas Emas 10 gram Dek Didit',1,'Aktif'),(319,0.00,13570000.00,'2024-07-20 07:00:00.000000',1,NULL,'Beli Emas 10 gram Dek Didit',1,'Aktif'),(320,5000000.00,0.00,'2024-07-20 07:00:00.000000',2,4,'Migrasi Pinjaman ke Pak Dory',1,'Aktif'),(321,0.00,5000000.00,'2024-07-20 07:00:00.000000',1,NULL,'Ngasih hutang ke Pak Dory',1,'Aktif'),(322,0.00,100000.00,'2024-07-20 07:00:00.000000',1,NULL,'Top up ovo',1,'Aktif'),(323,0.00,142088.00,'2024-07-21 07:00:00.000000',1,NULL,'Beli sunscreen',1,'Aktif'),(324,0.00,500000.00,'2024-07-23 07:00:00.000000',1,NULL,'Uang saku ST Solo',1,'Aktif'),(325,0.00,13600000.00,'2024-07-25 07:00:00.000000',1,NULL,'Beli emas 10gram ',1,'Aktif'),(326,0.00,902500.00,'2024-07-25 07:00:00.000000',1,NULL,'Smoothing rambut',1,'Aktif'),(327,0.00,200000.00,'2024-07-27 07:00:00.000000',1,NULL,'Oleh oleh solo',1,'Aktif'),(328,0.00,285000.00,'2024-07-27 07:00:00.000000',1,NULL,'Beli kain batik',1,'Aktif'),(329,0.00,230000.00,'2024-07-27 07:00:00.000000',1,NULL,'Tiket solo-Jombang ',1,'Aktif'),(330,0.00,502500.00,'2024-07-27 07:00:00.000000',1,NULL,'Beli emas pegadaian',1,'Aktif'),(331,0.00,210000.00,'2024-07-27 07:00:00.000000',1,NULL,'Uang saku mas Ridlwan',1,'Aktif'),(332,0.00,502500.00,'2024-07-27 07:00:00.000000',1,NULL,'Uang saku di mancar',1,'Aktif'),(333,0.00,57500.00,'2024-07-27 07:00:00.000000',1,NULL,'Laundry',1,'Aktif'),(334,0.00,60000.00,'2024-07-29 07:00:00.000000',1,NULL,'Grabfood',1,'Aktif'),(335,0.00,1537000.00,'2024-07-29 07:00:00.000000',1,NULL,'St solo',1,'Aktif'),(336,0.00,135000.00,'2024-07-31 07:00:00.000000',1,NULL,'Bayar tiket jkt-jbg',1,'Aktif'),(337,3262700.00,0.00,'2024-08-01 07:00:00.000000',2,NULL,'Uang masuk #1',1,'Aktif'),(338,16162282.00,0.00,'2024-08-01 07:00:00.000000',2,NULL,'Uang masuk #2',1,'Aktif'),(339,0.00,3245494.00,'2024-08-01 07:00:00.000000',1,NULL,'Pegangan di Jakarta',1,'Aktif'),(340,0.00,1900000.00,'2024-08-01 07:00:00.000000',1,NULL,'Bayar kos',1,'Aktif'),(341,0.00,750000.00,'2024-08-01 07:00:00.000000',1,NULL,'Bayar uang saku ibuk',1,'Aktif'),(342,0.00,400000.00,'2024-08-01 07:00:00.000000',1,NULL,'Bayar uang saku ozi',1,'Aktif'),(343,0.00,800000.00,'2024-08-01 07:00:00.000000',1,NULL,'Beli buku yasin',1,'Aktif'),(344,0.00,502500.00,'2024-08-02 07:00:00.000000',1,NULL,'Investasi emas di pegadaian ',1,'Aktif'),(345,0.00,7000000.00,'2024-08-03 07:00:00.000000',1,NULL,'Beli logam mulia 5gram',1,'Aktif'),(346,0.00,50000.00,'2024-08-03 07:00:00.000000',1,NULL,'Top OVO buat go food ',1,'Aktif'),(347,21000000.00,0.00,'2024-08-03 07:00:00.000000',2,NULL,'Uang buat beli emas 15gram',1,'Aktif'),(348,0.00,600000.00,'2024-08-03 07:00:00.000000',1,NULL,'Treatment clarice ',1,'Aktif'),(349,0.00,500000.00,'2024-08-03 07:00:00.000000',1,NULL,'Ngeganti uang Didit ke pake bulan juli',1,'Aktif'),(350,0.00,252500.00,'2024-08-03 07:00:00.000000',1,NULL,'Uang saku tambahan ',1,'Aktif'),(351,0.00,125000.00,'2024-08-03 07:00:00.000000',1,NULL,'Buat beli kereta ',1,'Aktif'),(352,0.00,302500.00,'2024-08-07 07:00:00.000000',1,NULL,'Ke dokter spesialis mata ',1,'Aktif'),(353,0.00,1470000.00,'2024-08-07 07:00:00.000000',1,NULL,'Beli kacamata ',1,'Aktif'),(354,0.00,752500.00,'2024-08-11 07:00:00.000000',1,NULL,'Beli sanyo ',1,'Aktif'),(355,0.00,200000.00,'2024-08-11 07:00:00.000000',1,NULL,'Skintific (facial wash dan krim pagi)',1,'Aktif'),(356,0.00,750000.00,'2024-08-11 07:00:00.000000',1,NULL,'Biaya operasional skripsi',1,'Aktif'),(357,0.00,500000.00,'2024-08-15 07:00:00.000000',1,NULL,'Tambahan uang saku Jakarta',1,'Aktif'),(358,0.00,135000.00,'2024-08-14 07:00:00.000000',1,NULL,'Top up ovo',1,'Aktif'),(359,0.00,500000.00,'2024-08-17 07:00:00.000000',1,NULL,'Uang saku di jombang',1,'Aktif'),(360,0.00,378000.00,'2024-08-17 07:00:00.000000',1,NULL,'Tiket kereta jkta ',1,'Aktif'),(361,0.00,14000000.00,'2024-08-17 07:00:00.000000',1,NULL,'Kembalikan uang didit',1,'Aktif'),(362,0.00,1445000.00,'2024-08-19 07:00:00.000000',1,NULL,'Bayar SPP TA',1,'Aktif'),(363,0.00,129360.00,'2024-08-19 07:00:00.000000',1,NULL,'Aone',1,'Aktif'),(364,0.00,870000.00,'2024-08-19 07:00:00.000000',1,NULL,'Tiket kereta Jakarta PP',1,'Aktif'),(365,0.00,510000.00,'2024-08-19 07:00:00.000000',1,NULL,'Healing Trawas',1,'Aktif'),(366,0.00,500000.00,'2024-08-19 07:00:00.000000',1,NULL,'Uang saku mas Ridwan ',1,'Aktif'),(367,0.00,75500.00,'2024-08-21 07:00:00.000000',1,NULL,'Belanja indomaret',1,'Aktif'),(368,0.00,120000.00,'2024-08-21 07:00:00.000000',1,NULL,'Beli Lanyard ',1,'Aktif'),(369,0.00,9021.00,'2024-08-21 07:00:00.000000',1,NULL,'Biaya admin atm ',1,'Aktif'),(370,0.00,50000.00,'2024-08-21 07:00:00.000000',1,NULL,'Go food',1,'Aktif'),(371,0.00,500000.00,'2024-08-23 07:00:00.000000',1,NULL,'Uang saku mas rid',1,'Aktif'),(372,0.00,280000.00,'2024-08-23 07:00:00.000000',1,NULL,'Parfum dan lotion',1,'Aktif'),(373,0.00,20415000.00,'2024-08-24 07:00:00.000000',1,NULL,'Beli emas 15gram ',1,'Aktif'),(375,0.00,50000.00,'2024-08-25 07:00:00.000000',1,NULL,'Gofood',1,'Aktif'),(377,0.00,64000.00,'2024-08-25 07:00:00.000000',1,NULL,'Dasi item',1,'Aktif'),(378,0.00,502500.00,'2024-08-25 07:00:00.000000',1,NULL,'Uang saku eriza',1,'Aktif'),(379,0.00,252500.00,'2024-08-25 07:00:00.000000',1,NULL,'Kado temen lahiran',1,'Aktif'),(380,0.00,1505000.00,'2024-08-30 07:00:00.000000',1,NULL,'Bayar wisuda',1,'Aktif'),(381,0.00,652500.00,'2024-08-30 07:00:00.000000',1,NULL,'650000',1,'Aktif'),(382,0.00,200000.00,'2024-08-30 07:00:00.000000',1,NULL,'Uang jajan mas Ridwan ',1,'Aktif'),(383,0.00,1900000.00,'2024-08-31 07:00:00.000000',1,NULL,'Bayar kos',1,'Aktif'),(384,3267700.00,0.00,'2024-09-01 07:00:00.000000',2,NULL,'Uang masuk #1',1,'Aktif'),(385,16162282.00,0.00,'2024-09-01 07:00:00.000000',2,NULL,'Uang masuk #2',1,'Aktif'),(386,0.00,3431601.00,'2024-09-01 07:00:00.000000',1,NULL,'Pegangan di Jakarta',1,'Aktif'),(387,0.00,502500.00,'2024-09-01 07:00:00.000000',1,NULL,'Emas Pegadaian',1,'Aktif'),(388,0.00,750000.00,'2024-09-01 07:00:00.000000',1,NULL,'Uang saku ibuk',1,'Aktif'),(389,0.00,400000.00,'2024-09-01 07:00:00.000000',1,NULL,'Uang saku ozi',1,'Aktif'),(390,0.00,122500.00,'2024-09-01 07:00:00.000000',1,NULL,'Retinol',1,'Aktif'),(391,0.00,500000.00,'2024-09-01 07:00:00.000000',1,NULL,'Buwuh zura',1,'Aktif'),(392,0.00,602500.00,'2024-09-01 07:00:00.000000',1,NULL,'Clarice',1,'Aktif'),(393,0.00,362500.00,'2024-09-02 07:00:00.000000',1,NULL,'Biaya jahit batik',1,'Aktif'),(394,0.00,200000.00,'2024-09-02 07:00:00.000000',1,NULL,'Sunscreen',1,'Aktif'),(395,0.00,197500.00,'2024-09-05 07:00:00.000000',1,NULL,'Pulsa',1,'Aktif'),(396,0.00,500000.00,'2024-09-07 07:00:00.000000',1,NULL,'Pegangan di Mancar',1,'Aktif'),(397,0.00,120000.00,'2024-09-07 07:00:00.000000',1,NULL,'Tiket kereta Surabaya',1,'Aktif'),(398,0.00,168000.00,'2024-09-07 07:00:00.000000',1,NULL,'Makan marugame',1,'Aktif'),(399,0.00,1497000.00,'2024-09-07 07:00:00.000000',1,NULL,'Beli Baju Uniqlo',1,'Aktif'),(400,0.00,1102000.00,'2024-09-07 07:00:00.000000',1,NULL,'Sepatu Sketchers Eriza',1,'Aktif'),(401,0.00,957000.00,'2024-09-07 07:00:00.000000',1,NULL,'Sepatu Adidas Ridlwan',1,'Aktif'),(402,1400000.00,0.00,'2024-09-07 07:00:00.000000',2,NULL,'Pemasukan uang dari Eriza',1,'Aktif'),(403,0.00,4000.00,'2024-09-07 07:00:00.000000',1,NULL,'Biaya Admin',1,'Aktif'),(404,2450000.00,0.00,'2024-09-04 07:00:00.000000',2,NULL,'Uang masuk ST Solo',1,'Aktif'),(405,1300000.00,0.00,'2024-09-04 07:00:00.000000',2,NULL,'Uang masuk ST Lembur',1,'Aktif'),(406,0.00,567500.00,'2024-09-09 07:00:00.000000',1,NULL,'Pegangan Mancar',1,'Aktif'),(407,0.00,390000.00,'2024-09-12 07:00:00.000000',1,NULL,'Tiket jkt-jbg',1,'Aktif'),(408,0.00,490000.00,'2024-09-12 07:00:00.000000',1,NULL,'Tiket jbg - jkt',1,'Aktif'),(409,0.00,800000.00,'2024-09-12 07:00:00.000000',1,NULL,'Berobat ke rs',1,'Aktif'),(410,0.00,400000.00,'2024-09-14 07:00:00.000000',1,NULL,'Beli obat',1,'Aktif'),(411,0.00,750000.00,'2024-09-16 07:00:00.000000',1,NULL,'Makeup',1,'Aktif'),(412,0.00,235000.00,'2024-09-19 07:00:00.000000',1,NULL,'Pembersih makeup dan cushion',1,'Aktif'),(413,0.00,400000.00,'2024-09-19 07:00:00.000000',1,NULL,'Minta uang jajan eriza',1,'Aktif'),(414,0.00,500000.00,'2024-09-21 07:00:00.000000',1,NULL,'Uang jajan mas Ridwan ',1,'Aktif'),(415,0.00,300000.00,'2024-09-21 07:00:00.000000',1,NULL,'Beli cas samsung',1,'Aktif'),(416,0.00,500000.00,'2024-09-21 07:00:00.000000',1,NULL,'Beli Bedak Dan primer',1,'Aktif'),(417,0.00,178500.00,'2024-09-22 07:00:00.000000',1,NULL,'Kue bude Lis',1,'Aktif'),(418,0.00,180000.00,'2024-09-22 07:00:00.000000',1,NULL,'Kue esti',1,'Aktif'),(419,0.00,16550.00,'2024-09-22 07:00:00.000000',1,NULL,'Pajak atm ',1,'Aktif'),(420,0.00,150000.00,'2024-09-27 07:00:00.000000',1,NULL,'Grabfood',1,'Aktif'),(421,0.00,151500.00,'2024-09-27 07:00:00.000000',1,NULL,'Pulsa Eriza',1,'Aktif'),(422,0.00,252500.00,'2024-09-27 07:00:00.000000',1,NULL,'Pegangan eriza',1,'Aktif'),(423,0.00,807500.00,'2024-09-29 07:00:00.000000',1,NULL,'Uang saku mancar',1,'Aktif'),(424,0.00,2359000.00,'2024-09-29 07:00:00.000000',1,NULL,'Lemari ',1,'Aktif'),(425,0.00,449980.00,'2024-09-29 07:00:00.000000',1,NULL,'Beli wireless headset dan layar hape mas ridlwan',1,'Aktif'),(426,0.00,44700.00,'2024-09-29 07:00:00.000000',1,NULL,'Miniso ',1,'Aktif'),(427,0.00,700000.00,'2024-09-29 07:00:00.000000',1,NULL,'Beli salad buah seksi Ridlwan ',1,'Aktif'),(428,3262700.00,0.00,'2024-10-01 07:00:00.000000',2,NULL,'Uang masuk #1',1,'Aktif'),(429,16162282.00,0.00,'2024-10-01 07:00:00.000000',2,NULL,'Uang masuk #2',1,'Aktif'),(430,1895000.00,0.00,'2024-10-01 07:00:00.000000',2,NULL,'Uang Lembur',1,'Aktif'),(431,0.00,2961752.00,'2024-10-01 07:00:00.000000',1,NULL,'Pegangan di Jakarta',1,'Aktif'),(432,0.00,1900000.00,'2024-10-01 07:00:00.000000',1,NULL,'Bayar kos',1,'Aktif'),(433,0.00,750000.00,'2024-10-01 07:00:00.000000',1,NULL,'Uang saku ibuk',1,'Aktif'),(434,0.00,400000.00,'2024-10-01 07:00:00.000000',1,NULL,'Uang saku ozi',1,'Aktif'),(435,0.00,1002500.00,'2024-10-01 07:00:00.000000',1,NULL,'Beli emas pegadaian',1,'Aktif'),(436,0.00,502500.00,'2024-10-01 07:00:00.000000',1,NULL,'Buwuh Yohan, gus Prapto, nofi, Anino , mbak indah ',1,'Aktif'),(437,0.00,402500.00,'2024-10-03 07:00:00.000000',1,NULL,'Tambahan uang saku dan ngafe ',1,'Aktif'),(438,0.00,1300000.00,'2024-10-09 07:00:00.000000',1,NULL,'Tiket PP kereta api',1,'Aktif'),(439,0.00,630000.00,'2024-10-10 07:00:00.000000',1,NULL,'Tiket pulang jombang',1,'Aktif'),(440,0.00,130000.00,'2024-10-12 07:00:00.000000',1,NULL,'Beli sabuk',1,'Aktif'),(441,0.00,320000.00,'2024-10-12 07:00:00.000000',1,NULL,'Beli setrika ',1,'Aktif'),(442,0.00,160000.00,'2024-10-12 07:00:00.000000',1,NULL,'Beli parfum',1,'Aktif'),(443,0.00,100000.00,'2024-10-12 07:00:00.000000',1,NULL,'Beli skintific',1,'Aktif'),(444,0.00,120000.00,'2024-10-12 07:00:00.000000',1,NULL,'Go food ayang',1,'Aktif'),(446,0.00,765000.00,'2024-10-12 07:00:00.000000',1,NULL,'Bed cover ',1,'Aktif'),(447,0.00,50000.00,'2024-10-13 07:00:00.000000',1,NULL,'Go food ayang',1,'Aktif'),(448,0.00,150000.00,'2024-10-13 07:00:00.000000',1,NULL,'Cafe jombang',1,'Aktif'),(449,0.00,227500.00,'2024-10-14 07:00:00.000000',1,NULL,'Dp fotografer',1,'Aktif'),(450,0.00,250000.00,'2024-10-16 07:00:00.000000',1,NULL,'Lanyard dan eyeliner',1,'Aktif'),(451,0.00,400000.00,'2024-10-16 07:00:00.000000',1,NULL,'Hotel di jakarta',1,'Aktif'),(452,0.00,50000.00,'2024-10-17 07:00:00.000000',1,NULL,'Masker ',1,'Aktif'),(453,0.00,276000.00,'2024-10-20 07:00:00.000000',1,NULL,'Tiket kereta',1,'Aktif'),(454,0.00,100000.00,'2024-10-20 07:00:00.000000',1,NULL,'Go food',1,'Aktif'),(455,0.00,5002500.00,'2024-10-20 07:00:00.000000',1,NULL,'Deposit kontrakan',1,'Aktif'),(456,3000000.00,0.00,'2024-10-14 07:00:00.000000',2,NULL,'Uang masuk lembur',1,'Aktif'),(459,0.00,1000000.00,'2024-10-14 07:00:00.000000',1,NULL,'Pegangan di Jakarta',1,'Aktif'),(460,0.00,151500.00,'2024-10-23 07:00:00.000000',1,NULL,'Beli pulsa ',1,'Aktif'),(461,0.00,200000.00,'2024-10-23 07:00:00.000000',1,NULL,'Jilbab ',1,'Aktif'),(462,0.00,1000000.00,'2024-10-26 07:00:00.000000',1,NULL,'Buat acara kantor ',1,'Aktif'),(463,0.00,380000.00,'2024-10-26 07:00:00.000000',1,NULL,'Tiket PP Jakarta Jombang',1,'Aktif'),(464,0.00,500000.00,'2024-10-26 07:00:00.000000',1,NULL,'Pegangan di Jombang ',1,'Aktif'),(465,0.00,940000.00,'2024-10-26 07:00:00.000000',1,NULL,'Tiket PP Jombang Jakarta',1,'Aktif'),(466,0.00,103000.00,'2024-10-26 07:00:00.000000',1,NULL,'Makan di kereta ',1,'Aktif'),(467,0.00,42500000.00,'2024-10-27 07:00:00.000000',1,NULL,'Sewa rumah',1,'Aktif'),(468,0.00,200000.00,'2024-10-27 07:00:00.000000',1,NULL,'Grab PP survey kontrakan',1,'Aktif'),(469,0.00,502500.00,'2024-10-29 07:00:00.000000',1,NULL,'Makeup ',1,'Aktif'),(470,0.00,275000.00,'2024-10-29 07:00:00.000000',1,NULL,'Pelunasan fotografer',1,'Aktif'),(471,0.00,86000.00,'2024-10-27 07:00:00.000000',1,NULL,'Makan di KFC Kokas',1,'Aktif'),(472,0.00,500000.00,'2024-10-27 07:00:00.000000',1,NULL,'Ovo Grab PP Hotel Wisuda',1,'Aktif'),(474,0.00,525000.00,'2024-10-19 07:00:00.000000',1,NULL,'Pegangan ke Jakarta',1,'Aktif'),(475,0.00,70000.00,'2024-10-29 07:00:00.000000',1,NULL,'Grab sarapan',1,'Aktif'),(476,0.00,500000.00,'2024-10-29 07:00:00.000000',1,NULL,'Hutang dek didit',1,'Aktif'),(478,0.00,1000000.00,'2024-10-30 07:00:00.000000',1,NULL,'Bayar kos 2 minggu ',1,'Aktif'),(479,0.00,500000.00,'2024-11-01 07:00:00.000000',1,NULL,'Uniqlo ',1,'Aktif'),(480,0.00,28518.00,'2024-11-01 07:00:00.000000',1,NULL,'Paket data ',1,'Aktif'),(481,15150018.00,0.00,'2024-11-01 07:00:00.000000',2,NULL,'Gaji dari mas Ridwan ',1,'Aktif'),(482,0.00,522500.00,'2024-11-01 07:00:00.000000',1,NULL,'Bayar IPL rumah sewa ',1,'Aktif'),(483,0.00,100000.00,'2024-11-02 07:00:00.000000',1,NULL,'Obat',1,'Aktif'),(484,0.00,73000.00,'2024-11-02 07:00:00.000000',1,NULL,'Jajan surya indah',1,'Aktif'),(485,0.00,1000000.00,'2024-11-02 07:00:00.000000',1,NULL,'Bayar pajak motor',1,'Aktif'),(486,0.00,124000.00,'2024-11-02 07:00:00.000000',1,NULL,'Bayar tokped storage box',1,'Aktif'),(487,0.00,2502500.00,'2024-11-02 07:00:00.000000',1,NULL,'Bulanan eriza',1,'Aktif'),(488,0.00,76000.00,'2024-11-03 07:00:00.000000',1,NULL,'Uang makan kereta ',1,'Aktif'),(489,0.00,500000.00,'2024-11-04 07:00:00.000000',1,NULL,'Tarik tunai pegangan di jakarta',1,'Aktif'),(490,0.00,703500.00,'2024-11-04 07:00:00.000000',1,NULL,'Magicom, tempat sampah, keset',1,'Aktif'),(491,0.00,233580.00,'2024-11-04 07:00:00.000000',1,NULL,'Tempat sabun dan gantungan baju',1,'Aktif'),(492,0.00,320000.00,'2024-11-05 07:00:00.000000',1,NULL,'Handuk, tempat sabun, sandal, keset',1,'Aktif'),(493,0.00,85000.00,'2024-11-05 07:00:00.000000',1,NULL,'OVO makan ',1,'Aktif'),(494,0.00,690000.00,'2024-11-05 07:00:00.000000',1,NULL,'Kereta balik Jombang eriza',1,'Aktif'),(495,0.00,8168000.00,'2024-11-05 07:00:00.000000',1,NULL,'Kulkas dan ac',1,'Aktif'),(496,0.00,7602500.00,'2024-11-06 07:00:00.000000',1,NULL,'Beli kasur',1,'Aktif'),(497,3136500.00,0.00,'2024-11-06 07:00:00.000000',2,NULL,'Jual emas pegadaian',1,'Aktif'),(498,0.00,1002500.00,'2024-11-06 07:00:00.000000',1,NULL,'Jahit baju',1,'Aktif'),(499,0.00,120000.00,'2024-11-06 07:00:00.000000',1,NULL,'Alfamat',1,'Aktif'),(500,0.00,360000.00,'2024-11-06 07:00:00.000000',1,NULL,'Tiket kereta mas rid ',1,'Aktif'),(501,0.00,100000.00,'2024-11-07 07:00:00.000000',1,NULL,'OVO mas rid otw ke toko kasur ',1,'Aktif'),(502,0.00,188000.00,'2024-11-07 07:00:00.000000',1,NULL,'Beli sotel ',1,'Aktif'),(503,0.00,59000.00,'2024-11-08 07:00:00.000000',1,NULL,'Sarapan',1,'Aktif'),(504,0.00,500000.00,'2024-11-08 07:00:00.000000',1,NULL,'Celana mas ',1,'Aktif'),(505,0.00,529000.00,'2024-11-08 07:00:00.000000',1,NULL,'Celana Eriza ',1,'Aktif'),(506,0.00,113000.00,'2024-11-08 07:00:00.000000',1,NULL,'Makan solaria ',1,'Aktif'),(507,0.00,120000.00,'2024-11-09 07:00:00.000000',1,NULL,'Grab ke kosan ',1,'Aktif'),(508,0.00,2202500.00,'2024-11-13 07:00:00.000000',1,NULL,'Bayar gorden dp 50%',1,'Aktif'),(509,0.00,500000.00,'2024-11-13 07:00:00.000000',1,NULL,'Uang saku mas rid ',1,'Aktif'),(510,0.00,907000.00,'2024-11-13 07:00:00.000000',1,NULL,'Grab pp Jakbar Jaksel ',1,'Aktif'),(511,0.00,270000.00,'2024-11-13 07:00:00.000000',1,NULL,'OVO dan grab makan ',1,'Aktif'),(512,0.00,50000.00,'2024-11-13 07:00:00.000000',1,NULL,'Ovo grab ke antam',1,'Aktif'),(513,4005100.00,0.00,'2024-11-13 07:00:00.000000',2,NULL,'Penjualan antam 3 gram ',1,'Aktif'),(514,0.00,50000.00,'2024-11-13 07:00:00.000000',1,NULL,'Grab eriza',1,'Aktif'),(515,0.00,250000.00,'2024-11-14 07:00:00.000000',1,NULL,'Di pinjem pak apin',1,'Aktif'),(516,0.00,500000.00,'2024-11-15 07:00:00.000000',1,NULL,'Syukuran rumah sewa',1,'Aktif'),(517,0.00,500000.00,'2024-11-16 07:00:00.000000',1,NULL,'Tarik tunai ',1,'Aktif'),(518,0.00,2200000.00,'2024-11-16 07:00:00.000000',1,NULL,'Pelunasan gorden ',1,'Aktif'),(519,0.00,500000.00,'2024-11-17 07:00:00.000000',1,NULL,'Pegangan mas rid',1,'Aktif'),(520,0.00,121800.00,'2024-11-17 07:00:00.000000',1,NULL,'Makan siang berdua ',1,'Aktif'),(521,0.00,507500.00,'2024-11-17 07:00:00.000000',1,NULL,'Tarik tunai ',1,'Aktif'),(522,0.00,35000.00,'2024-11-18 07:00:00.000000',1,NULL,'Bayar laundry',1,'Aktif'),(523,0.00,500000.00,'2024-11-18 07:00:00.000000',1,NULL,'Uang pegangan mas ',1,'Aktif'),(524,0.00,132500.00,'2024-11-18 07:00:00.000000',1,NULL,'Makan malem ',1,'Aktif'),(525,0.00,403225.00,'2024-11-22 07:00:00.000000',1,NULL,'Grab dan shopee',1,'Aktif'),(526,0.00,50000.00,'2024-11-22 07:00:00.000000',1,NULL,'Grab mas rid',1,'Aktif'),(527,0.00,37500.00,'2024-11-26 07:00:00.000000',1,NULL,'Laundry mas ',1,'Aktif'),(528,0.00,62000.00,'2024-11-26 07:00:00.000000',1,NULL,'Beli sikat WC',1,'Aktif'),(529,0.00,400000.00,'2024-11-26 07:00:00.000000',1,NULL,'Beli gantungan baju dan jemuran',1,'Aktif'),(530,0.00,50000.00,'2024-11-26 07:00:00.000000',1,NULL,'Grab food',1,'Aktif'),(531,0.00,50000.00,'2024-11-27 07:00:00.000000',1,NULL,'Top up OVO mas ',1,'Aktif'),(532,0.00,110000.00,'2024-11-27 07:00:00.000000',1,NULL,'Ambil baju batik',1,'Aktif'),(533,3800000.00,0.00,'2024-11-27 07:00:00.000000',2,NULL,'Uang sewa sawah',1,'Aktif'),(534,0.00,900000.00,'2024-11-28 07:00:00.000000',1,NULL,'Bayar service motor ',1,'Aktif'),(535,0.00,482400.00,'2024-11-30 07:00:00.000000',1,NULL,'Pegangan di Mancar',1,'Aktif'),(536,3262700.00,0.00,'2024-12-01 07:00:00.000000',2,NULL,'Gaji #1',1,'Aktif'),(537,16162282.00,0.00,'2024-12-01 07:00:00.000000',2,NULL,'Gaji #2',1,'Aktif'),(538,0.00,3053077.00,'2024-12-01 07:00:00.000000',1,NULL,'Uang Saku Ridlwan',1,'Aktif'),(539,2709959.00,0.00,'2024-12-02 07:00:00.000000',2,NULL,'Lembur cair',1,'Aktif'),(540,0.00,574585.00,'2024-12-02 07:00:00.000000',1,NULL,'Bayar IPL Desember ',1,'Aktif'),(541,0.00,1080000.00,'2024-12-02 07:00:00.000000',1,NULL,'Tiket kereta',1,'Aktif'),(542,0.00,3500000.00,'2024-12-02 07:00:00.000000',1,NULL,'Uang Ibuk + bayar bulanan',1,'Aktif'),(543,10626.00,0.00,'2024-12-02 07:00:00.000000',2,NULL,'Penyesuaian',1,'Aktif'),(544,0.00,2847000.00,'2024-12-02 07:00:00.000000',1,NULL,'Beli Lemari dan meja hias',1,'Aktif'),(545,0.00,139816.00,'2024-12-02 07:00:00.000000',1,NULL,'Beli hanger informa',1,'Aktif'),(546,0.00,310320.00,'2024-12-02 07:00:00.000000',1,NULL,'Beli rak',1,'Aktif'),(547,17780000.00,0.00,'2024-12-03 07:00:00.000000',2,NULL,'Insentif',1,'Aktif'),(548,0.00,8002500.00,'2024-12-03 07:00:00.000000',1,NULL,'Kontrakan pegadaian',1,'Aktif'),(549,0.00,100000.00,'2024-12-03 07:00:00.000000',1,NULL,'Top up makan',1,'Aktif'),(550,0.00,4015000.00,'2024-12-03 07:00:00.000000',1,NULL,'Nabung emas',1,'Aktif'),(551,0.00,40000.00,'2024-12-02 07:00:00.000000',1,NULL,'Pop mie dan ciomy kereta',1,'Aktif'),(552,0.00,1002960.00,'2024-12-03 07:00:00.000000',1,NULL,'Beli meja kerja',1,'Aktif'),(553,0.00,172000.00,'2024-12-03 07:00:00.000000',1,NULL,'Jasa rakit lemari',1,'Aktif'),(554,0.00,1185400.00,'2024-12-03 07:00:00.000000',1,NULL,'Kompor',1,'Aktif'),(555,0.00,1550919.00,'2024-12-04 07:00:00.000000',1,NULL,'Hotel ST ke Bandung',1,'Aktif'),(556,0.00,130000.00,'2024-12-04 07:00:00.000000',1,NULL,'Talenan dan sabun cuci muka ',1,'Aktif'),(557,588100.00,0.00,'2024-12-04 07:00:00.000000',2,NULL,'St dari bintaro',1,'Aktif'),(558,0.00,70000.00,'2024-12-04 07:00:00.000000',1,NULL,'Makan hari rabu',1,'Aktif'),(559,0.00,300000.00,'2024-12-05 07:00:00.000000',1,NULL,'Listrik bulan Desember ',1,'Aktif'),(560,0.00,50000.00,'2024-12-05 07:00:00.000000',1,NULL,'Makan malem ',1,'Aktif'),(561,0.00,116000.00,'2024-12-05 07:00:00.000000',1,NULL,'Shopee',1,'Aktif'),(562,0.00,172000.00,'2024-12-05 07:00:00.000000',1,NULL,'Bayar jasa kurir',1,'Aktif'),(563,0.00,37500.00,'2024-12-05 07:00:00.000000',1,NULL,'Bayar laundry ',1,'Aktif'),(564,0.00,197075.00,'2024-12-05 07:00:00.000000',1,NULL,'Beli toples bumbu',1,'Aktif'),(565,0.00,374908.00,'2024-12-05 07:00:00.000000',1,NULL,'Beli jemuran baju',1,'Aktif'),(566,0.00,186000.00,'2024-12-05 07:00:00.000000',1,NULL,'Beli keranjang baju kotor',1,'Aktif'),(567,0.00,28000.00,'2024-12-05 07:00:00.000000',1,NULL,'Beli storage box kulkas',1,'Aktif'),(568,0.00,400000.00,'2024-12-06 07:00:00.000000',1,NULL,'Tiket kereta berangkat bandung',1,'Aktif'),(569,0.00,500000.00,'2024-12-06 07:00:00.000000',1,NULL,'Tiket bdg - jkt',1,'Aktif'),(570,0.00,40000.00,'2024-12-06 07:00:00.000000',1,NULL,'Makan jumat',1,'Aktif'),(571,0.00,784170.00,'2024-12-07 07:00:00.000000',1,NULL,'Belanja bulanan',1,'Aktif'),(572,0.00,117300.00,'2024-12-07 07:00:00.000000',1,NULL,'Beli beras sama bumbu',1,'Aktif'),(573,0.00,89000.00,'2024-12-07 07:00:00.000000',1,NULL,'Makan McD',1,'Aktif'),(574,0.00,105000.00,'2024-12-07 07:00:00.000000',1,NULL,'Paket Data',1,'Aktif'),(575,0.00,70000.00,'2024-12-08 07:00:00.000000',1,NULL,'Makan grab',1,'Aktif'),(576,0.00,713000.00,'2024-12-08 07:00:00.000000',1,NULL,'Bayar hotel',1,'Aktif'),(577,0.00,91500.00,'2024-12-08 07:00:00.000000',1,NULL,'Makan malam',1,'Aktif'),(578,0.00,500000.00,'2024-12-09 07:00:00.000000',1,NULL,'Uang saku mas ridwan',1,'Aktif'),(579,330000.00,0.00,'2024-12-09 07:00:00.000000',2,NULL,'Pengembalian dana shopee',1,'Aktif'),(580,0.00,31500.00,'2024-12-09 07:00:00.000000',1,NULL,'Pulsa',1,'Aktif'),(581,0.00,85000.00,'2024-12-10 07:00:00.000000',1,NULL,'Makan malem berdua ',1,'Aktif'),(582,0.00,37500.00,'2024-12-10 07:00:00.000000',1,NULL,'Laundry',1,'Aktif'),(583,0.00,60865.00,'2024-12-10 07:00:00.000000',1,NULL,'Makan pagi',1,'Aktif'),(584,500000.00,0.00,'2024-12-10 07:00:00.000000',2,NULL,'Uang makan',1,'Aktif'),(585,3000000.00,0.00,'2024-12-10 07:00:00.000000',2,NULL,'Uang Lembur',1,'Aktif'),(586,0.00,150000.00,'2024-12-10 07:00:00.000000',1,NULL,'Bayar tukang',1,'Aktif'),(587,0.00,200000.00,'2024-12-11 07:00:00.000000',1,NULL,'Grab bandung',1,'Aktif'),(588,0.00,116500.00,'2024-12-11 07:00:00.000000',1,NULL,'Makan Bandung 1',1,'Aktif'),(589,0.00,70000.00,'2024-12-11 07:00:00.000000',1,NULL,'Makan malem ',1,'Aktif'),(590,0.00,37500.00,'2024-12-11 07:00:00.000000',1,NULL,'Laundry',1,'Aktif'),(591,0.00,1022000.00,'2024-12-13 07:00:00.000000',1,NULL,'Uniqlo',1,'Aktif'),(592,0.00,200000.00,'2024-12-13 07:00:00.000000',1,NULL,'Makan malem di mall pvj',1,'Aktif'),(593,0.00,100000.00,'2024-12-13 07:00:00.000000',1,NULL,'Grab mas rid',1,'Aktif'),(594,0.00,87000.00,'2024-12-13 07:00:00.000000',1,NULL,'Oleh oleh kantor mas rid',1,'Aktif'),(595,0.00,95850.00,'2024-12-13 07:00:00.000000',1,NULL,'Makan malem di sambel ss hari ke 2',1,'Aktif'),(596,0.00,150750.00,'2024-12-13 07:00:00.000000',1,NULL,'Kotak bekal ',1,'Aktif'),(598,0.00,70000.00,'2024-12-13 07:00:00.000000',1,NULL,'Beli coklat di pvj',1,'Aktif'),(599,0.00,70000.00,'2024-12-13 07:00:00.000000',1,NULL,'Foto dan naik kendaraan ',1,'Aktif'),(600,0.00,200847.00,'2024-12-14 07:00:00.000000',1,NULL,'Makan malam hari ke 3',1,'Aktif'),(601,0.00,86200.00,'2024-12-14 07:00:00.000000',1,NULL,'Pengeluaran alfa',1,'Aktif'),(602,0.00,168000.00,'2024-12-14 07:00:00.000000',1,NULL,'pengeluaran oleh oleh bandung',1,'Aktif'),(603,170000.00,0.00,'2024-12-14 07:00:00.000000',2,NULL,'Pengembalian jasa rakit',1,'Aktif'),(604,0.00,500000.00,'2024-12-14 07:00:00.000000',1,NULL,'Tf mas ridl',1,'Aktif'),(605,0.00,1060000.00,'2024-12-15 07:00:00.000000',1,NULL,'Tiket akhir Januari balik jkt ',1,'Aktif'),(606,0.00,360000.00,'2024-12-15 07:00:00.000000',1,NULL,'Tiket mas balik jombang ',1,'Aktif'),(607,0.00,690000.00,'2024-12-15 07:00:00.000000',1,NULL,'Tiket eriza balik jombang ',1,'Aktif'),(608,0.00,50000.00,'2024-12-15 07:00:00.000000',1,NULL,'Makan pagi di hari minggu ',1,'Aktif'),(609,0.00,128412.00,'2024-12-16 07:00:00.000000',1,NULL,'Handbody ',1,'Aktif'),(610,0.00,512500.00,'2024-12-16 07:00:00.000000',1,NULL,'Tabung elpiji dan air ',1,'Aktif'),(611,0.00,153900.00,'2024-12-16 07:00:00.000000',1,NULL,'Indomaret belanja ',1,'Aktif'),(612,0.00,70000.00,'2024-12-16 07:00:00.000000',1,NULL,'Makan siang ',1,'Aktif'),(613,0.00,41000.00,'2024-12-17 07:00:00.000000',1,NULL,'Laundry',1,'Aktif'),(614,0.00,285600.00,'2024-12-17 07:00:00.000000',1,NULL,'Sayur box',1,'Aktif'),(615,170000.00,0.00,'2024-12-17 07:00:00.000000',2,NULL,'Pengembalian dana jasa rakit',1,'Aktif'),(616,0.00,158702.00,'2024-12-17 07:00:00.000000',1,NULL,'Gantungan baju ',1,'Aktif'),(617,0.00,97400.00,'2024-12-19 07:00:00.000000',1,NULL,'Ngemil keripik kentang',1,'Aktif'),(618,0.00,331900.00,'2024-12-22 07:00:00.000000',1,NULL,'Halodoc ',1,'Aktif'),(619,0.00,412055.00,'2024-12-22 07:00:00.000000',1,NULL,'Belanja superindo',1,'Aktif'),(620,0.00,37500.00,'2024-12-22 07:00:00.000000',1,NULL,'Laundry',1,'Aktif'),(621,0.00,60000.00,'2024-12-22 07:00:00.000000',1,NULL,'Makan siang ',1,'Aktif'),(622,0.00,250000.00,'2024-12-22 07:00:00.000000',1,NULL,'Tf mas rid',1,'Aktif'),(623,0.00,15500.00,'2024-12-22 07:00:00.000000',1,NULL,'Biaya admin BRI',1,'Aktif'),(624,0.00,200000.00,'2024-12-25 07:00:00.000000',1,NULL,'Uang mas rid',1,'Aktif'),(625,0.00,91100.00,'2024-12-25 07:00:00.000000',1,NULL,'Kelambu kolong dapur',1,'Aktif'),(626,0.00,48455.00,'2024-12-25 07:00:00.000000',1,NULL,'Sampah dapur',1,'Aktif'),(627,0.00,143620.00,'2024-12-25 07:00:00.000000',1,NULL,'Air pompa galon',1,'Aktif'),(628,0.00,136320.00,'2024-12-25 07:00:00.000000',1,NULL,'Rak panci',1,'Aktif'),(629,0.00,85125.00,'2024-12-25 07:00:00.000000',1,NULL,'Jas ujan ',1,'Aktif'),(630,0.00,148608.00,'2024-12-26 07:00:00.000000',1,NULL,'Korden dapur',1,'Aktif'),(631,0.00,429215.00,'2024-12-26 07:00:00.000000',1,NULL,'Makan holycow',1,'Aktif'),(632,0.00,777000.00,'2024-12-26 07:00:00.000000',1,NULL,'Uniqlo',1,'Aktif'),(633,0.00,26750.00,'2024-12-27 07:00:00.000000',1,NULL,'Plat motor dan kanebo',1,'Aktif'),(634,2850000.00,0.00,'2024-12-27 07:00:00.000000',2,NULL,'Pengembalian dana lemari dan meja rias ',1,'Aktif'),(635,0.00,307500.00,'2024-12-27 07:00:00.000000',1,NULL,'Ambil tunai ',1,'Aktif'),(636,0.00,151500.00,'2024-12-28 07:00:00.000000',1,NULL,'Pulsa eriza',1,'Aktif'),(637,0.00,20000.00,'2024-12-28 07:00:00.000000',1,NULL,'Sarapan',1,'Aktif'),(638,0.00,120000.00,'2024-12-28 07:00:00.000000',1,NULL,'Minyak goreng ',1,'Aktif'),(639,0.00,40000.00,'2024-12-28 07:00:00.000000',1,NULL,'Beli kebab',1,'Aktif'),(640,0.00,62500.00,'2024-12-30 07:00:00.000000',1,NULL,'Air 3 galon ',1,'Aktif'),(641,0.00,46000.00,'2024-12-30 07:00:00.000000',1,NULL,'Jajan pempek ',1,'Aktif'),(642,0.00,3400000.00,'2024-12-31 07:00:00.000000',1,NULL,'Beli mesin cuci',1,'Aktif'),(643,16162282.00,0.00,'2025-01-01 07:00:00.000000',2,NULL,'Gaji #1',1,'Aktif'),(644,3262700.00,0.00,'2025-01-01 07:00:00.000000',2,NULL,'Gaji #2',1,'Aktif'),(645,0.00,3262700.00,'2025-01-01 07:00:00.000000',1,NULL,'Pengeluaran rutin di Jakarta',1,'Aktif'),(646,0.00,55000.00,'2025-01-01 07:00:00.000000',1,NULL,'Beli plat ',1,'Aktif'),(647,0.00,500000.00,'2025-01-01 07:00:00.000000',1,NULL,'Bayar jasa teknisi mesin cuci',1,'Aktif'),(648,0.00,1150000.00,'2025-01-01 07:00:00.000000',1,NULL,'Ngasih ibuk Mancar + BpJs ',1,'Aktif'),(649,0.00,574585.00,'2025-01-01 07:00:00.000000',1,NULL,'Bayar IPL',1,'Aktif'),(650,0.00,5000000.00,'2025-01-01 07:00:00.000000',1,NULL,'Belanja bulanan + lauk ',1,'Aktif'),(651,0.00,6500.00,'2025-01-01 07:00:00.000000',1,NULL,'Biaya transfer ',1,'Aktif'),(652,0.00,4002100.00,'2025-01-01 07:00:00.000000',1,NULL,'Bayar sewa rumah januari ',1,'Aktif'),(653,0.00,2477500.00,'2025-01-01 07:00:00.000000',1,NULL,'Nabung emas januari',1,'Aktif'),(654,0.00,676000.00,'2025-01-01 07:00:00.000000',1,NULL,'Beli listrik bulan januari',1,'Aktif'),(655,0.00,54275.00,'2025-01-03 07:00:00.000000',1,NULL,'Beli cantolan kolong dapur',1,'Aktif'),(656,0.00,37500.00,'2025-01-03 07:00:00.000000',1,NULL,'Laundry',1,'Aktif'),(657,0.00,169580.00,'2025-01-04 07:00:00.000000',1,NULL,'Tatakan mesin cuci',1,'Aktif'),(658,0.00,100000.00,'2025-01-04 07:00:00.000000',1,NULL,'OVO mas ridwan',1,'Aktif'),(659,0.00,3410000.00,'2025-01-04 07:00:00.000000',1,NULL,'Beli lemari, rak sepatu',1,'Aktif'),(660,0.00,152500.00,'2025-01-05 07:00:00.000000',1,NULL,'Urunan buat rumah solo',1,'Aktif'),(661,0.00,237800.00,'2025-01-05 07:00:00.000000',1,NULL,'Obat gigi',1,'Aktif'),(662,0.00,173000.00,'2025-01-05 07:00:00.000000',1,NULL,'Tuker tiket kereta',1,'Aktif'),(663,0.00,270700.00,'2025-01-10 07:00:00.000000',1,NULL,'Tumbler',1,'Aktif'),(664,0.00,510000.00,'2025-01-10 07:00:00.000000',1,NULL,'Bedcover ',1,'Aktif'),(665,0.00,166900.00,'2025-01-11 07:00:00.000000',1,NULL,'Beli mukenah kado esti ',1,'Aktif'),(666,0.00,60500.00,'2025-01-11 07:00:00.000000',1,NULL,'Laundry express',1,'Aktif'),(667,0.00,110652.00,'2025-01-11 07:00:00.000000',1,NULL,'Tempat saring ikan dan minyak ',1,'Aktif'),(668,0.00,15500.00,'2025-01-21 07:00:00.000000',1,NULL,'Biaya admin atm',1,'Aktif'),(669,0.00,64500.00,'2025-01-21 07:00:00.000000',1,NULL,'Grabfood',1,'Aktif'),(670,2500000.00,0.00,'2025-01-25 07:00:00.000000',2,NULL,'Uang ST',1,'Aktif'),(671,5500000.00,0.00,'2025-01-25 07:00:00.000000',2,NULL,'Uang Lembur',1,'Aktif'),(672,0.00,850000.00,'2025-01-25 07:00:00.000000',1,NULL,'Biaya cabut gigi',1,'Aktif'),(673,0.00,650000.00,'2025-01-25 07:00:00.000000',1,NULL,'Baju lebaran',1,'Aktif'),(674,0.00,800000.00,'2025-01-25 07:00:00.000000',1,NULL,'Makan di kediri',1,'Aktif'),(675,0.00,200000.00,'2025-01-25 07:00:00.000000',1,NULL,'Beli obat',1,'Aktif'),(676,0.00,400000.00,'2025-01-25 07:00:00.000000',1,NULL,'Keperluan di mancar',1,'Aktif'),(677,0.00,100000.00,'2025-01-25 07:00:00.000000',1,NULL,'Laundry dan mbak nar',1,'Aktif'),(679,0.00,1000000.00,'2025-01-25 07:00:00.000000',1,NULL,'Ambil tunai',1,'Aktif'),(680,0.00,209000.00,'2025-01-27 07:00:00.000000',1,NULL,'Oleh Esti dan oleh oleh jakarta',1,'Aktif'),(681,0.00,301000.00,'2025-01-27 07:00:00.000000',1,NULL,'Baju Eriza',1,'Aktif'),(682,0.00,559900.00,'2025-01-27 07:00:00.000000',1,NULL,'Makan makan ',1,'Aktif'),(683,0.00,302500.00,'2025-01-28 07:00:00.000000',1,NULL,'Uang saku arsaf dan qinsi',1,'Aktif'),(684,0.00,52500.00,'2025-01-29 07:00:00.000000',1,NULL,'Makan di kereta ',1,'Aktif'),(685,0.00,298920.00,'2025-01-30 07:00:00.000000',1,NULL,'Belanja sayur box ',1,'Aktif'),(686,0.00,118920.00,'2025-01-30 07:00:00.000000',1,NULL,'Tempat beras ',1,'Aktif'),(687,0.00,181860.00,'2025-01-30 07:00:00.000000',1,NULL,'Toples dan tempat minyak goreng',1,'Aktif'),(688,0.00,131500.00,'2025-01-30 07:00:00.000000',1,NULL,'Makan solaria',1,'Aktif'),(689,0.00,35460.00,'2025-01-30 07:00:00.000000',1,NULL,'Storage box ',1,'Aktif'),(690,0.00,1506500.00,'2025-01-31 07:00:00.000000',1,NULL,'Buat renovasi rumah',1,'Aktif'),(691,3262700.00,0.00,'2025-02-01 07:00:00.000000',2,NULL,'Gaji #1',1,'Aktif'),(692,16162282.00,0.00,'2025-02-01 07:00:00.000000',2,NULL,'Gaji #2',1,'Aktif'),(693,0.00,600000.00,'2025-02-01 07:00:00.000000',1,NULL,'Bayar IPL Februari 2025',1,'Aktif'),(694,0.00,1150000.00,'2025-02-01 07:00:00.000000',1,NULL,'Kirim ibuk Mancar',1,'Aktif'),(695,0.00,5002500.00,'2025-02-01 07:00:00.000000',1,NULL,'Uang Bulanan',1,'Aktif'),(696,0.00,676000.00,'2025-02-01 07:00:00.000000',1,NULL,'Bayar Listrik',1,'Aktif'),(697,0.00,500000.00,'2025-02-01 07:00:00.000000',1,NULL,'Renovasi Rumah #1',1,'Aktif'),(698,0.00,1000000.00,'2025-02-01 07:00:00.000000',1,NULL,'Renovasi Rumah #2',1,'Aktif'),(699,0.00,156252.00,'2025-02-01 07:00:00.000000',1,NULL,'Gantungan Baju 16 buah',1,'Aktif'),(700,0.00,4002500.00,'2025-02-01 07:00:00.000000',1,NULL,'Kontrakan Rumah',1,'Aktif'),(701,0.00,37499.00,'2025-02-01 07:00:00.000000',1,NULL,'Masker',1,'Aktif'),(702,0.00,2262700.00,'2025-02-01 07:00:00.000000',1,NULL,'Kebutuhan Jakarta',1,'Aktif'),(703,0.00,50000.00,'2025-02-01 07:00:00.000000',1,NULL,'Ovo Kebab',1,'Aktif'),(704,0.00,207560.00,'2025-02-03 07:00:00.000000',1,NULL,'Beli tempat makeup',1,'Aktif'),(706,0.00,400000.00,'2025-02-03 07:00:00.000000',1,NULL,'Beli skincare ',1,'Aktif'),(707,0.00,54143.00,'2025-02-03 07:00:00.000000',1,NULL,'Beli kaos kutang mas ',1,'Aktif'),(708,0.00,35460.00,'2025-02-03 07:00:00.000000',1,NULL,'Kotak box',1,'Aktif'),(709,0.00,1140250.00,'2025-02-04 07:00:00.000000',1,NULL,'Bayar pemasangan wifi',1,'Aktif'),(710,0.00,702500.00,'2025-02-06 07:00:00.000000',1,NULL,'Ngelas tangga',1,'Aktif'),(711,5700000.00,0.00,'2025-02-07 07:00:00.000000',2,NULL,'Jual motor',1,'Aktif'),(712,0.00,569500.00,'2025-02-09 07:00:00.000000',1,NULL,'Bayar kekurangan rumah ',1,'Aktif'),(715,0.00,65000.00,'2025-02-09 07:00:00.000000',1,NULL,'Makan di ikea ',1,'Aktif'),(717,0.00,132200.00,'2025-02-09 07:00:00.000000',1,NULL,'Makan di sarinah',1,'Aktif'),(718,0.00,500000.00,'2025-02-09 07:00:00.000000',1,NULL,'Transfer mas Ridwan ',1,'Aktif'),(719,0.00,125300.00,'2025-02-09 07:00:00.000000',1,NULL,'Beli tempat bakal',1,'Aktif'),(720,0.00,223000.00,'2025-02-09 07:00:00.000000',1,NULL,'Beli jilbab',1,'Aktif'),(721,0.00,1760000.00,'2025-02-10 07:00:00.000000',1,NULL,'Tiket pulkam jombang',1,'Aktif'),(722,0.00,545000.00,'2025-02-10 07:00:00.000000',1,NULL,'Bayar SIKA ijasah mas',1,'Aktif'),(723,0.00,438232.00,'2025-02-15 07:00:00.000000',1,NULL,'Beli Skincare',1,'Aktif'),(724,0.00,252500.00,'2025-02-15 07:00:00.000000',1,NULL,'Beli Skincare Eriza',1,'Aktif'),(725,0.00,219898.00,'2025-02-15 07:00:00.000000',1,NULL,'Kaos',1,'Aktif'),(726,0.00,170000.00,'2025-02-15 07:00:00.000000',1,NULL,'Service Motor',1,'Aktif'),(727,0.00,330000.00,'2025-02-15 07:00:00.000000',1,NULL,'Makan Seafood',1,'Aktif'),(728,0.00,170820.00,'2025-02-17 07:00:00.000000',1,NULL,'Lipstik',1,'Aktif'),(729,0.00,1660000.00,'2025-02-23 07:00:00.000000',1,NULL,'Tiket Balik PP Lebaran',1,'Aktif'),(730,0.00,117000.00,'2025-02-23 07:00:00.000000',1,NULL,'Beli pulsa simpati',1,'Aktif'),(731,9672000.00,0.00,'2025-02-24 07:00:00.000000',2,NULL,'Uang lemburan bulan januari ',1,'Aktif'),(732,0.00,200000.00,'2025-02-28 07:00:00.000000',1,NULL,'Uang saku mas',1,'Aktif'),(735,0.00,3500000.00,'2025-02-28 07:00:00.000000',1,NULL,'Tambahan beli emas 5gram',1,'Aktif'),(736,0.00,1099000.00,'2025-02-28 07:00:00.000000',1,NULL,'Kado tas Charles and Keiith',1,'Aktif'),(737,0.00,369000.00,'2025-02-28 07:00:00.000000',1,NULL,'Kado baju this is april',1,'Aktif'),(738,3262700.00,0.00,'2025-03-01 07:00:00.000000',2,NULL,'Gaji #1',1,'Aktif'),(739,16162282.00,0.00,'2025-03-01 07:00:00.000000',2,NULL,'Gaji #2',1,'Aktif'),(740,0.00,3262700.00,'2025-03-01 07:00:00.000000',1,NULL,'Pegangan di Jakarta',1,'Aktif'),(741,0.00,585162.00,'2025-03-01 07:00:00.000000',1,NULL,'Bayar IPL',1,'Aktif'),(742,0.00,305250.00,'2025-03-01 07:00:00.000000',1,NULL,'Bayar Biznet',1,'Aktif'),(743,0.00,5002500.00,'2025-03-01 07:00:00.000000',1,NULL,'Uang Belanja',1,'Aktif'),(744,0.00,1150000.00,'2025-03-01 07:00:00.000000',1,NULL,'Kirim Ibuk Mancar',1,'Aktif'),(745,0.00,4002100.00,'2025-03-01 07:00:00.000000',1,NULL,'Nabung Rutin Kontrakan',1,'Aktif'),(746,0.00,3002500.00,'2025-03-01 07:00:00.000000',1,NULL,'Nabung PC',1,'Aktif'),(747,0.00,2002300.00,'2025-03-01 07:00:00.000000',1,NULL,'Nabung Pegadaian',1,'Aktif'),(748,0.00,600000.00,'2025-03-01 07:00:00.000000',1,NULL,'Kado Mukenah',1,'Aktif'),(749,0.00,76500.00,'2025-03-03 07:00:00.000000',1,NULL,'Pulsa ridlwan ',1,'Aktif'),(750,0.00,392000.00,'2025-03-03 07:00:00.000000',1,NULL,'Baju Eriza ',1,'Aktif'),(751,0.00,200000.00,'2025-03-06 07:00:00.000000',1,NULL,'Beli hampers, masker, karet elpiji dan jepit an kolong dapur',1,'Aktif'),(752,0.00,500000.00,'2025-03-06 07:00:00.000000',1,NULL,'Tf mas ',1,'Aktif'),(753,12100000.00,0.00,'2025-03-06 07:00:00.000000',2,NULL,'Dana beli macbook',1,'Aktif'),(754,0.00,557950.00,'2025-03-06 07:00:00.000000',1,NULL,'Baju hari raya ibuk ',1,'Aktif'),(755,0.00,12500000.00,'2025-03-08 07:00:00.000000',1,NULL,'Beli MacBook ',1,'Aktif'),(756,0.00,229000.00,'2025-03-08 07:00:00.000000',1,NULL,'Jilbab heylocal',1,'Aktif'),(757,0.00,264000.00,'2025-03-08 07:00:00.000000',1,NULL,'Makan seirock ya',1,'Aktif'),(758,0.00,307300.00,'2025-03-08 07:00:00.000000',1,NULL,'Kemeja cardinal ',1,'Aktif'),(759,0.00,500000.00,'2025-03-08 07:00:00.000000',1,NULL,'Celana uniqlo mas ',1,'Aktif'),(760,0.00,350000.00,'2025-03-08 07:00:00.000000',1,NULL,'Kemeja 2 ',1,'Aktif'),(761,0.00,352500.00,'2025-03-08 07:00:00.000000',1,NULL,'Celana connextion sasa',1,'Aktif'),(762,0.00,200000.00,'2025-03-14 07:00:00.000000',1,NULL,'Uang saku mas',1,'Aktif'),(763,4500000.00,0.00,'2025-03-14 07:00:00.000000',2,NULL,'Uang lembur bulan februari',1,'Aktif'),(764,0.00,464700.00,'2025-03-16 07:00:00.000000',1,NULL,'Makan di Remboelan ',1,'Aktif'),(765,0.00,76500.00,'2025-03-16 07:00:00.000000',1,NULL,'Pulsa paket eriza',1,'Aktif'),(766,0.00,68000.00,'2025-03-16 07:00:00.000000',1,NULL,'Softlens',1,'Aktif'),(767,0.00,187106.00,'2025-03-16 07:00:00.000000',1,NULL,'Baju hushpuppies ',1,'Aktif'),(768,0.00,96000.00,'2025-03-16 07:00:00.000000',1,NULL,'Minuman takjil',1,'Aktif'),(771,0.00,344000.00,'2025-03-17 07:00:00.000000',1,NULL,'Jajan hari raya ',1,'Aktif'),(772,0.00,202500.00,'2025-03-17 07:00:00.000000',1,NULL,'Belanja',1,'Aktif'),(773,0.00,161000.00,'2025-03-17 07:00:00.000000',1,NULL,'Sarung mas ',1,'Aktif'),(774,16000000.00,0.00,'2025-03-17 07:00:00.000000',2,NULL,'IPK 2025',1,'Aktif'),(777,16000000.00,0.00,'2025-03-17 07:00:00.000000',2,NULL,'THR Tukin 2025',1,'Aktif'),(778,3600000.00,0.00,'2025-03-20 07:00:00.000000',2,NULL,'THR Gaji Pokok',1,'Aktif'),(779,0.00,6900000.00,'2025-03-20 07:00:00.000000',1,NULL,'Tukar uang Baru',1,'Aktif'),(780,0.00,15500.00,'2025-03-21 07:00:00.000000',1,NULL,'Admin atm',1,'Aktif'),(781,0.00,500000.00,'2025-03-21 07:00:00.000000',1,NULL,'Transfer Mas',1,'Aktif'),(782,0.00,185000.00,'2025-03-21 07:00:00.000000',1,NULL,'Grabfood',1,'Aktif'),(783,0.00,115000.00,'2025-03-21 07:00:00.000000',1,NULL,'Jilbab Krem',1,'Aktif'),(784,0.00,243500.00,'2025-03-21 07:00:00.000000',1,NULL,'Hampers tambahan',1,'Aktif'),(785,0.00,1200000.00,'2025-03-21 07:00:00.000000',1,NULL,'THR Esti',1,'Aktif'),(786,0.00,14002500.00,'2025-03-22 07:00:00.000000',1,NULL,'Beli emas buat kontrak rumah ',1,'Aktif'),(787,0.00,150000.00,'2025-03-22 07:00:00.000000',1,NULL,'Beli tas laptop',1,'Aktif'),(788,0.00,10002500.00,'2025-03-22 07:00:00.000000',1,NULL,'Tabungan kita 2025',1,'Aktif'),(790,0.00,500000.00,'2025-03-23 07:00:00.000000',1,NULL,'Makan di plaza Indonesia ',1,'Aktif'),(791,0.00,445500.00,'2025-03-23 07:00:00.000000',1,NULL,'Baju klamby',1,'Aktif'),(792,0.00,72000.00,'2025-03-23 07:00:00.000000',1,NULL,'Jajan di plaza Indonesia',1,'Aktif'),(793,0.00,1197000.00,'2025-03-24 07:00:00.000000',1,NULL,'Uniqlo',1,'Aktif'),(795,0.00,99000.00,'2025-03-24 07:00:00.000000',1,NULL,'Mr diy',1,'Aktif'),(796,0.00,232300.00,'2025-03-24 07:00:00.000000',1,NULL,'Makan',1,'Aktif'),(797,0.00,500000.00,'2025-03-24 07:00:00.000000',1,NULL,'Tf ayang',1,'Aktif'),(798,0.00,115200.00,'2025-03-24 07:00:00.000000',1,NULL,'Indomaret',1,'Aktif'),(799,0.00,251219.00,'2025-03-24 07:00:00.000000',1,NULL,'Shopee ',1,'Aktif'),(800,0.00,252500.00,'2025-03-25 07:00:00.000000',1,NULL,'Top up OVO ',1,'Aktif'),(801,0.00,45000.00,'2025-03-27 07:00:00.000000',1,NULL,'Donat ',1,'Aktif'),(803,0.00,66000.00,'2025-03-27 07:00:00.000000',1,NULL,'Ciomy',1,'Aktif'),(804,3262700.00,0.00,'2025-04-01 07:00:00.000000',2,NULL,'Gaji #1',1,'Aktif'),(805,16162282.00,0.00,'2025-04-01 07:00:00.000000',2,NULL,'Gaji #2',1,'Aktif'),(806,0.00,3262700.00,'2025-04-01 07:00:00.000000',1,NULL,'Pegangan di Jakarta',1,'Aktif'),(807,0.00,418500.00,'2025-03-31 07:00:00.000000',1,NULL,'Beli baju',1,'Aktif'),(808,0.00,105000.00,'2025-03-27 07:00:00.000000',1,NULL,'Mcd',1,'Aktif'),(809,0.00,202500.00,'2025-04-01 07:00:00.000000',1,NULL,'Bayar arisan halal bi halal',1,'Aktif'),(810,0.00,616893.00,'2025-04-01 07:00:00.000000',1,NULL,'Bayar IPL',1,'Aktif'),(811,0.00,305250.00,'2025-04-01 07:00:00.000000',1,NULL,'Bayar Biznet',1,'Aktif'),(812,0.00,5000000.00,'2025-04-01 07:00:00.000000',1,NULL,'Belanja Bulanan',1,'Aktif'),(813,0.00,1150000.00,'2025-04-01 07:00:00.000000',1,NULL,'Ibuk Mancar',1,'Aktif'),(814,0.00,2500.00,'2025-04-01 07:00:00.000000',1,NULL,'Biaya Transfer Mandiri',1,'Aktif'),(815,0.00,4002100.00,'2025-04-01 07:00:00.000000',1,NULL,'Kontrakan Rumah',1,'Aktif'),(816,0.00,2477500.00,'2025-04-01 07:00:00.000000',1,NULL,'Nabung emas',1,'Aktif'),(817,200000.00,0.00,'2025-04-04 07:00:00.000000',2,NULL,'Uang bayar arisan halal bi halal esti',1,'Aktif'),(818,0.00,62200.00,'2025-04-04 07:00:00.000000',1,NULL,'Belanja indomaret',1,'Aktif'),(820,0.00,600000.00,'2025-04-08 07:00:00.000000',1,NULL,'Pegangan di mancar ',1,'Aktif'),(822,0.00,128500.00,'2025-04-08 07:00:00.000000',1,NULL,'Oleh oleh semprong',1,'Aktif'),(823,0.00,79800.00,'2025-04-08 07:00:00.000000',1,NULL,'Indomaret',1,'Aktif'),(824,0.00,1060000.00,'2025-04-08 07:00:00.000000',1,NULL,'Tiket Balik ke Jakarta 1 tahun Bapak',1,'Aktif'),(825,0.00,100000.00,'2025-04-08 07:00:00.000000',1,NULL,'Buwuh ke Mbak Yuli dan oik',1,'Aktif'),(826,0.00,800000.00,'2025-04-10 07:00:00.000000',1,NULL,'Tiket kereta Gambir JKT Jombang',1,'Aktif'),(827,0.00,390000.00,'2025-04-10 07:00:00.000000',1,NULL,'Tiket kereta Pasar Senen JKT Jombang',1,'Aktif'),(828,2036400.00,0.00,'2025-04-10 07:00:00.000000',2,NULL,'Jual emas 1.2 gram',1,'Aktif'),(829,0.00,42500.00,'2025-04-11 07:00:00.000000',1,NULL,'Bayar laundry',1,'Aktif'),(830,0.00,148500.00,'2025-04-11 07:00:00.000000',1,NULL,'Ovo',1,'Aktif'),(831,0.00,106500.00,'2025-04-16 07:00:00.000000',1,NULL,'Sabun cuci muka',1,'Aktif'),(832,0.00,500000.00,'2025-04-16 07:00:00.000000',1,NULL,'Uang saku mas ',1,'Aktif'),(834,0.00,66800.00,'2025-04-17 07:00:00.000000',1,NULL,'Cd eriza',1,'Aktif'),(835,0.00,374120.00,'2025-04-20 07:00:00.000000',1,NULL,'Cafe sour sally',1,'Aktif'),(836,0.00,170000.00,'2025-04-21 07:00:00.000000',1,NULL,'Box container ',1,'Aktif'),(837,0.00,46795.00,'2025-04-21 07:00:00.000000',1,NULL,'Gelas dan mangkuk',1,'Aktif'),(838,0.00,76500.00,'2025-04-21 07:00:00.000000',1,NULL,'Pulsa ayang',1,'Aktif'),(839,0.00,15500.00,'2025-04-21 07:00:00.000000',1,NULL,'Biaya admin atm',1,'Aktif'),(840,0.00,88800.00,'2025-04-26 07:00:00.000000',1,NULL,'Sabun cuci muka ',1,'Aktif'),(841,0.00,152500.00,'2025-04-26 07:00:00.000000',1,NULL,'Pengeluaran lain ',1,'Aktif'),(842,0.00,202500.00,'2025-04-26 07:00:00.000000',1,NULL,'Buwuh Benjek ',1,'Aktif'),(843,3262700.00,0.00,'2025-05-01 07:00:00.000000',2,NULL,'Gaji #1',1,'Aktif'),(844,16162282.00,0.00,'2025-05-01 07:00:00.000000',2,NULL,'Gaji #2',1,'Aktif'),(845,0.00,1747500.00,'2025-05-01 07:00:00.000000',1,NULL,'Perawatan Natasha',1,'Aktif'),(846,0.00,3262700.00,'2025-05-01 07:00:00.000000',1,NULL,'Pegangan di Jakarta',1,'Aktif'),(847,500000.00,0.00,'2025-05-01 07:00:00.000000',2,NULL,'Diskon Perawatan',1,'Aktif'),(848,0.00,224000.00,'2025-05-01 07:00:00.000000',1,NULL,'Makan Seirock Ya',1,'Aktif'),(849,0.00,595739.00,'2025-05-01 07:00:00.000000',1,NULL,'Bayar IPL mei',1,'Aktif'),(850,0.00,305250.00,'2025-05-01 07:00:00.000000',1,NULL,'Biznet mei',1,'Aktif'),(851,0.00,1150000.00,'2025-05-01 07:00:00.000000',1,NULL,'Transfer ibuk mancar',1,'Aktif'),(852,0.00,5000000.00,'2025-05-01 07:00:00.000000',1,NULL,'Uang bulanan Mei ',1,'Aktif'),(853,0.00,250000.00,'2025-05-01 07:00:00.000000',1,NULL,'Pajak tanah budug',1,'Aktif'),(854,0.00,3502500.00,'2025-05-01 07:00:00.000000',1,NULL,'Urunan buat acara bapak ',1,'Aktif'),(855,0.00,2002900.00,'2025-05-01 07:00:00.000000',1,NULL,'Tabungan emas ',1,'Aktif'),(856,0.00,500000.00,'2025-05-10 07:00:00.000000',1,NULL,'Transfer mas ',1,'Aktif'),(857,0.00,500000.00,'2025-05-10 07:00:00.000000',1,NULL,'Service Motor',1,'Aktif'),(858,1400000.00,0.00,'2025-05-10 07:00:00.000000',2,NULL,'Jual emas ',1,'Aktif'),(859,0.00,600000.00,'2025-05-16 07:00:00.000000',1,NULL,'Pegangan mas rid ',1,'Aktif'),(860,0.00,250000.00,'2025-05-16 07:00:00.000000',1,NULL,'Service ac',1,'Aktif'),(861,0.00,250000.00,'2025-05-16 07:00:00.000000',1,NULL,'Beli celana mas Ridwan ',1,'Aktif'),(862,0.00,602500.00,'2025-05-16 07:00:00.000000',1,NULL,'Buwuh mbak Ajeng ',1,'Aktif'),(863,0.00,350000.00,'2025-05-16 07:00:00.000000',1,NULL,'Sangu sasa',1,'Aktif'),(864,0.00,165000.00,'2025-05-17 07:00:00.000000',1,NULL,'Bayar cafe ',1,'Aktif'),(865,0.00,200000.00,'2025-05-17 07:00:00.000000',1,NULL,'Beli obat',1,'Aktif'),(867,0.00,400000.00,'2025-05-17 07:00:00.000000',1,NULL,'Sangu di Mancar ',1,'Aktif'),(868,1200000.00,0.00,'2025-05-17 07:00:00.000000',2,NULL,'Uang buat qurban bapak',1,'Aktif'),(869,0.00,402500.00,'2025-05-19 07:00:00.000000',1,NULL,'Tambahan acara bapak ',1,'Aktif'),(870,3200000.00,0.00,'2025-05-22 07:00:00.000000',2,NULL,'Jual emas',1,'Aktif'),(871,0.00,515500.00,'2025-05-22 07:00:00.000000',1,NULL,'Uang jajan',1,'Aktif'),(872,0.00,500000.00,'2025-05-25 07:00:00.000000',1,NULL,'Buwuh etrik',1,'Aktif'),(873,0.00,600000.00,'2025-05-25 07:00:00.000000',1,NULL,'Jajan bareng2 nia',1,'Aktif'),(874,0.00,76500.00,'2025-05-29 07:00:00.000000',1,NULL,'Pulsa Eriza',1,'Aktif'),(875,0.00,250000.00,'2025-05-29 07:00:00.000000',1,NULL,'Transfer uang saku',1,'Aktif'),(876,0.00,500000.00,'2025-05-29 07:00:00.000000',1,NULL,'Tf mas Ridwan',1,'Aktif'),(877,0.00,154000.00,'2025-05-29 07:00:00.000000',1,NULL,'Makan solaria',1,'Aktif'),(878,0.00,80000.00,'2025-05-29 07:00:00.000000',1,NULL,'Top up ovo',1,'Aktif'),(879,16162282.00,0.00,'2025-06-01 07:00:00.000000',2,NULL,'Gaji tukin ',1,'Aktif'),(880,0.00,150000.00,'2025-06-01 07:00:00.000000',1,NULL,'Bpjs ibuk mancar',1,'Aktif'),(881,0.00,1000000.00,'2025-06-01 07:00:00.000000',1,NULL,'Kirim ibuk mancar',1,'Aktif'),(882,0.00,1500000.00,'2025-06-01 07:00:00.000000',1,NULL,'Bayar hutang ibuk Mancar + cak erwan ',1,'Aktif'),(883,0.00,305250.00,'2025-06-01 07:00:00.000000',1,NULL,'Bayar biznet',1,'Aktif'),(884,0.00,700000.00,'2025-06-01 07:00:00.000000',1,NULL,'Pegangan eriza',1,'Aktif'),(885,0.00,5000000.00,'2025-06-01 07:00:00.000000',1,NULL,'Uang belanja ',1,'Aktif'),(886,0.00,600000.00,'2025-06-01 07:00:00.000000',1,NULL,'Bayar ipl ',1,'Aktif'),(887,3262700.00,0.00,'2025-06-01 07:00:00.000000',2,NULL,'Gaji #1',1,'Aktif'),(888,0.00,3262700.00,'2025-06-01 07:00:00.000000',1,NULL,'Pegangan di Jakarta',1,'Aktif'),(889,0.00,206000.00,'2025-06-01 07:00:00.000000',1,NULL,'Meja makan',1,'Aktif'),(890,0.00,120000.00,'2025-06-01 07:00:00.000000',1,NULL,'Trashbag 40x50 dan piring',1,'Aktif'),(891,0.00,63000.00,'2025-06-03 07:00:00.000000',1,NULL,'Beli Al Quran ',1,'Aktif'),(892,0.00,3000000.00,'2025-06-03 07:00:00.000000',1,NULL,'Nabung pegadaian',1,'Aktif'),(893,0.00,352500.00,'2025-06-03 07:00:00.000000',1,NULL,'Tambahan eriza',1,'Aktif'),(894,0.00,100000.00,'2025-06-06 07:00:00.000000',1,NULL,'Grab makan ',1,'Aktif'),(895,0.00,140000.00,'2025-06-07 07:00:00.000000',1,NULL,'Beli obat',1,'Aktif'),(896,0.00,100000.00,'2025-06-07 07:00:00.000000',1,NULL,'Mukenah ibuk mancar',1,'Aktif'),(897,0.00,42500.00,'2025-06-09 07:00:00.000000',1,NULL,'Laundry bedcover',1,'Aktif'),(898,0.00,40000.00,'2025-06-09 07:00:00.000000',1,NULL,'Sarung jempol azka',1,'Aktif'),(899,0.00,150000.00,'2025-06-09 07:00:00.000000',1,NULL,'Handuk',1,'Aktif'),(900,20000000.00,0.00,'2025-06-10 07:00:00.000000',2,NULL,'Gaji 13',1,'Aktif'),(901,0.00,500000.00,'2025-06-11 07:00:00.000000',1,NULL,'Pegangan mas ',1,'Aktif'),(902,0.00,250000.00,'2025-06-11 07:00:00.000000',1,NULL,'Beli beras dan telur ',1,'Aktif');
/*!40000 ALTER TABLE `transaksi` ENABLE KEYS */;
UNLOCK TABLES;
/*!40103 SET TIME_ZONE=@OLD_TIME_ZONE */;

/*!40101 SET SQL_MODE=@OLD_SQL_MODE */;
/*!40014 SET FOREIGN_KEY_CHECKS=@OLD_FOREIGN_KEY_CHECKS */;
/*!40014 SET UNIQUE_CHECKS=@OLD_UNIQUE_CHECKS */;
/*!40101 SET CHARACTER_SET_CLIENT=@OLD_CHARACTER_SET_CLIENT */;
/*!40101 SET CHARACTER_SET_RESULTS=@OLD_CHARACTER_SET_RESULTS */;
/*!40101 SET COLLATION_CONNECTION=@OLD_COLLATION_CONNECTION */;
/*!40111 SET SQL_NOTES=@OLD_SQL_NOTES */;

-- Dump completed on 2025-06-15 19:56:07
